المادة الفعالة (Active Substance),رقم CAS,الحالة,اللون الإرشادي,التفصيل والقرار
(E)-11-Tetradecen-1-yl acetate (SCLP Acetates),33189-72-9,يتطلب مراجعة علمية مسبقة,Yellow,قرار رقم 500 لسنة 2026م. مسموح مؤقتاً بشرط توفر إذن استيراد مسبق ومراجعة علمية قبل الاستيراد (قرار 500 لسنة 2026م).
(E)-5-Decen-1-ol (SCLP Alcohols),56578-18-8,يتطلب مراجعة علمية مسبقة,Yellow,قرار رقم 500 لسنة 2026م. مسموح مؤقتاً بشرط توفر إذن استيراد مسبق ومراجعة علمية قبل الاستيراد (قرار 500 لسنة 2026م).
(E)-5-Decen-1-yl acetate (SCLP Acetates),38421-90-8,يتطلب مراجعة علمية مسبقة,Yellow,قرار رقم 500 لسنة 2026م. مسموح مؤقتاً بشرط توفر إذن استيراد مسبق ومراجعة علمية قبل الاستيراد (قرار 500 لسنة 2026م).
(E)-8-Dodecen-1-yl acetate (SCLP Acetates),38363-29-0,يتطلب مراجعة علمية مسبقة,Yellow,قرار رقم 500 لسنة 2026م. مسموح مؤقتاً بشرط توفر إذن استيراد مسبق ومراجعة علمية قبل الاستيراد (قرار 500 لسنة 2026م).
"(E,E)-7,9-Dodecadien-1-yl acetate (SCLP Acetates)",No CAS allocated,يتطلب مراجعة علمية مسبقة,Yellow,قرار رقم 500 لسنة 2026م. مسموح مؤقتاً بشرط توفر إذن استيراد مسبق ومراجعة علمية قبل الاستيراد (قرار 500 لسنة 2026م).
"(E,E)-8,10-Dodecadien-1-ol (SCLP Alcohols)",33956-49-9,مسموح ومسجل (مؤقتاً),Green,قرار رقم 500 لسنة 2026م. يسمح بتداوله واستيراده بموجب قرار وزارة الزراعة رقم 500 لسنة 2026م.
"(E,E)-8,10-Dodecadien-1-yl acetate (SCLP Acetates)",No CAS allocated,مسموح ومسجل (مؤقتاً),Green,قرار رقم 500 لسنة 2026م. يسمح بتداوله واستيراده بموجب قرار وزارة الزراعة رقم 500 لسنة 2026م.
"(E,Z)-2,13-Octadecadien-1-yl acetate (SCLP Acetates)",86252-65-5,يتطلب مراجعة علمية مسبقة,Yellow,قرار رقم 500 لسنة 2026م. مسموح مؤقتاً بشرط توفر إذن استيراد مسبق ومراجعة علمية قبل الاستيراد (قرار 500 لسنة 2026م).
"(E,Z)-3,13-Octadecadien-1-yl acetate (SCLP Acetates)",No CAS allocated,يتطلب مراجعة علمية مسبقة,Yellow,قرار رقم 500 لسنة 2026م. مسموح مؤقتاً بشرط توفر إذن استيراد مسبق ومراجعة علمية قبل الاستيراد (قرار 500 لسنة 2026م).
"(E,Z)-3,8-Tetradecadien-1-yl acetate (SCLP Acetates)",No CAS allocated,مسموح ومسجل (مؤقتاً),Green,قرار رقم 500 لسنة 2026م. يسمح بتداوله واستيراده بموجب قرار وزارة الزراعة رقم 500 لسنة 2026م.
"(E,Z)-7,9-Dodecadien-1-yl acetate (SCLP Acetates)",54364-62-4,يتطلب مراجعة علمية مسبقة,Yellow,قرار رقم 500 لسنة 2026م. مسموح مؤقتاً بشرط توفر إذن استيراد مسبق ومراجعة علمية قبل الاستيراد (قرار 500 لسنة 2026م).
"(E,Z,Z)-3,8,11-Tetradecatrien-1-yl acetate (SCLP Acetates)",No CAS allocated,مسموح ومسجل (مؤقتاً),Green,قرار رقم 500 لسنة 2026م. يسمح بتداوله واستيراده بموجب قرار وزارة الزراعة رقم 500 لسنة 2026م.
(Z)-11-Hexadecen-1-ol (SCLP Alcohols),56683-54-6,يتطلب مراجعة علمية مسبقة,Yellow,قرار رقم 500 لسنة 2026م. مسموح مؤقتاً بشرط توفر إذن استيراد مسبق ومراجعة علمية قبل الاستيراد (قرار 500 لسنة 2026م).
(Z)-11-Hexadecen-1-yl acetate (SCLP Acetates),34010-21-4,يتطلب مراجعة علمية مسبقة,Yellow,قرار رقم 500 لسنة 2026م. مسموح مؤقتاً بشرط توفر إذن استيراد مسبق ومراجعة علمية قبل الاستيراد (قرار 500 لسنة 2026م).
(Z)-11-Hexadecenal (SCLP Aldehydes),53939-28-9,يتطلب مراجعة علمية مسبقة,Yellow,قرار رقم 500 لسنة 2026م. مسموح مؤقتاً بشرط توفر إذن استيراد مسبق ومراجعة علمية قبل الاستيراد (قرار 500 لسنة 2026م).
(Z)-11-Tetradecen-1-yl acetate (SCLP Acetates),20711-10-8,يتطلب مراجعة علمية مسبقة,Yellow,قرار رقم 500 لسنة 2026م. مسموح مؤقتاً بشرط توفر إذن استيراد مسبق ومراجعة علمية قبل الاستيراد (قرار 500 لسنة 2026م).
(Z)-13-Octadecenal (SCLP Aldehydes),58594-45-9,يتطلب تقييم مخاطر محلياً,Orange,قرار رقم 500 لسنة 2026م. مسموح مؤقتاً بشرط توفر إذن استيراد مسبق وتقييم مخاطر محلياً (قرار 500 لسنة 2026م).
(Z)-7-Tetradecenal (SCLP Aldehydes),65128-96-3,يتطلب تقييم مخاطر محلياً,Orange,قرار رقم 500 لسنة 2026م. مسموح مؤقتاً بشرط توفر إذن استيراد مسبق وتقييم مخاطر محلياً (قرار 500 لسنة 2026م).
(Z)-7-dodecen-1-yl acetate (SCLP Acetates),No CAS allocated,يتطلب تقييم مخاطر محلياً,Orange,قرار رقم 500 لسنة 2026م. مسموح مؤقتاً بشرط توفر إذن استيراد مسبق وتقييم مخاطر محلياً (قرار 500 لسنة 2026م).
(Z)-8-Dodecen-1-ol (SCLP Alcohols),40642-40-8,يتطلب مراجعة علمية مسبقة,Yellow,قرار رقم 500 لسنة 2026م. مسموح مؤقتاً بشرط توفر إذن استيراد مسبق ومراجعة علمية قبل الاستيراد (قرار 500 لسنة 2026م).
(Z)-8-Dodecen-1-yl acetate (SCLP Acetates),28079-04-1,يتطلب مراجعة علمية مسبقة,Yellow,قرار رقم 500 لسنة 2026م. مسموح مؤقتاً بشرط توفر إذن استيراد مسبق ومراجعة علمية قبل الاستيراد (قرار 500 لسنة 2026م).
(Z)-8-Tetradecen-1-ol (SCLP Alcohols),No CAS allocated,يتطلب تقييم مخاطر محلياً,Orange,قرار رقم 500 لسنة 2026م. مسموح مؤقتاً بشرط توفر إذن استيراد مسبق وتقييم مخاطر محلياً (قرار 500 لسنة 2026م).
(Z)-8-Tetradecen-1-yl acetate (SCLP Acetates),No CAS allocated,يتطلب مراجعة علمية مسبقة,Yellow,قرار رقم 500 لسنة 2026م. مسموح مؤقتاً بشرط توفر إذن استيراد مسبق ومراجعة علمية قبل الاستيراد (قرار 500 لسنة 2026م).
(Z)-9-Dodecen-1-yl acetate (SCLP Acetates),16974-11-1,يتطلب مراجعة علمية مسبقة,Yellow,قرار رقم 500 لسنة 2026م. مسموح مؤقتاً بشرط توفر إذن استيراد مسبق ومراجعة علمية قبل الاستيراد (قرار 500 لسنة 2026م).
(Z)-9-Hexadecenal (SCLP Aldehydes),56219-04-6,يتطلب تقييم مخاطر محلياً,Orange,قرار رقم 500 لسنة 2026م. مسموح مؤقتاً بشرط توفر إذن استيراد مسبق وتقييم مخاطر محلياً (قرار 500 لسنة 2026م).
(Z)-9-Tetradecen-1-ol (SCLP Alcohols),No CAS allocated,يتطلب تقييم مخاطر محلياً,Orange,قرار رقم 500 لسنة 2026م. مسموح مؤقتاً بشرط توفر إذن استيراد مسبق وتقييم مخاطر محلياً (قرار 500 لسنة 2026م).
(Z)-9-Tetradecen-1-yl acetate (SCLP Acetates),16725-53-4,يتطلب مراجعة علمية مسبقة,Yellow,قرار رقم 500 لسنة 2026م. مسموح مؤقتاً بشرط توفر إذن استيراد مسبق ومراجعة علمية قبل الاستيراد (قرار 500 لسنة 2026م).
"(Z,E)-9,12-Tetradecadien-1-yl acetate (SCLP - Acetates)",31654-77-0,يتطلب مراجعة علمية مسبقة,Yellow,قرار رقم 500 لسنة 2026م. مسموح مؤقتاً بشرط توفر إذن استيراد مسبق ومراجعة علمية قبل الاستيراد (قرار 500 لسنة 2026م).
"(Z,Z)-3,13-Octadecadien-1-yl acetate",No CAS allocated,يتطلب تقييم مخاطر محلياً,Orange,قرار رقم 500 لسنة 2026م. مسموح مؤقتاً بشرط توفر إذن استيراد مسبق وتقييم مخاطر محلياً (قرار 500 لسنة 2026م).
"(Z,Z)-7,11-Hexadecadien-1-yl acetate (SCLP Acetates)",No CAS allocated,يتطلب تقييم مخاطر محلياً,Orange,قرار رقم 500 لسنة 2026م. مسموح مؤقتاً بشرط توفر إذن استيراد مسبق وتقييم مخاطر محلياً (قرار 500 لسنة 2026م).
"1,4-Dimethylnaphthalene",571-58-4,يتطلب تقييم مخاطر محلياً,Orange,قرار رقم 500 لسنة 2026م. مسموح مؤقتاً بشرط توفر إذن استيراد مسبق وتقييم مخاطر محلياً (قرار 500 لسنة 2026م).
1-Decanol,112-30-1,يتطلب مراجعة علمية مسبقة,Yellow,قرار رقم 500 لسنة 2026م. مسموح مؤقتاً بشرط توفر إذن استيراد مسبق ومراجعة علمية قبل الاستيراد (قرار 500 لسنة 2026م).
1-Naphthylacetamide (1-NAD),86-86-2,يتطلب مراجعة علمية مسبقة,Yellow,قرار رقم 500 لسنة 2026م. مسموح مؤقتاً بشرط توفر إذن استيراد مسبق ومراجعة علمية قبل الاستيراد (قرار 500 لسنة 2026م).
1-Naphthylacetic acid (1-NAA),86-87-3,يتطلب مراجعة علمية مسبقة,Yellow,قرار رقم 500 لسنة 2026م. مسموح مؤقتاً بشرط توفر إذن استيراد مسبق ومراجعة علمية قبل الاستيراد (قرار 500 لسنة 2026م).
1-methylcyclopropene,3100-04-7,يتطلب مراجعة علمية مسبقة,Yellow,قرار رقم 500 لسنة 2026م. مسموح مؤقتاً بشرط توفر إذن استيراد مسبق ومراجعة علمية قبل الاستيراد (قرار 500 لسنة 2026م).
"2,4-D",94-75-7,يتطلب مراجعة علمية مسبقة,Yellow,قرار رقم 500 لسنة 2026م. مسموح مؤقتاً بشرط توفر إذن استيراد مسبق ومراجعة علمية قبل الاستيراد (قرار 500 لسنة 2026م).
"2,4-DB",94-82-6,يتطلب مراجعة علمية مسبقة,Yellow,قرار رقم 500 لسنة 2026م. مسموح مؤقتاً بشرط توفر إذن استيراد مسبق ومراجعة علمية قبل الاستيراد (قرار 500 لسنة 2026م).
"2,5-Dichlorobenzoic acid methylester",2905-69-3,يتطلب مراجعة علمية مسبقة,Yellow,قرار رقم 500 لسنة 2026م. مسموح مؤقتاً بشرط توفر إذن استيراد مسبق ومراجعة علمية قبل الاستيراد (قرار 500 لسنة 2026م).
2-Phenylphenol (incl. sodium salt orthophenyl phenol),90-43-7,يتطلب تقييم مخاطر محلياً,Orange,قرار رقم 500 لسنة 2026م. مسموح مؤقتاً بشرط توفر إذن استيراد مسبق وتقييم مخاطر محلياً (قرار 500 لسنة 2026م).
24-Epibrassinolide,78821-43-9,يتطلب تقييم مخاطر محلياً,Orange,قرار رقم 500 لسنة 2026م. مسموح مؤقتاً بشرط توفر إذن استيراد مسبق وتقييم مخاطر محلياً (قرار 500 لسنة 2026م).
6-Benzyladenine,1214-39-7,يتطلب مراجعة علمية مسبقة,Yellow,قرار رقم 500 لسنة 2026م. مسموح مؤقتاً بشرط توفر إذن استيراد مسبق ومراجعة علمية قبل الاستيراد (قرار 500 لسنة 2026م).
ABE-IT 56,No CAS allocated,يتطلب تقييم مخاطر محلياً,Orange,قرار رقم 500 لسنة 2026م. مسموح مؤقتاً بشرط توفر إذن استيراد مسبق وتقييم مخاطر محلياً (قرار 500 لسنة 2026م).
Abamectin (aka avermectin),71751-41-2,مسموح ومسجل (مؤقتاً),Green,قرار رقم 500 لسنة 2026م. يسمح بتداوله واستيراده بموجب قرار وزارة الزراعة رقم 500 لسنة 2026م.
Acequinocyl,57960-19-7,مسموح ومسجل (مؤقتاً),Green,قرار رقم 500 لسنة 2026م. يسمح بتداوله واستيراده بموجب قرار وزارة الزراعة رقم 500 لسنة 2026م.
Acetamiprid,135410-20-7,مسموح ومسجل (مؤقتاً),Green,قرار رقم 500 لسنة 2026م. يسمح بتداوله واستيراده بموجب قرار وزارة الزراعة رقم 500 لسنة 2026م.
Acetic acid,64-19-7,مسموح ومسجل (مؤقتاً),Green,قرار رقم 500 لسنة 2026م. يسمح بتداوله واستيراده بموجب قرار وزارة الزراعة رقم 500 لسنة 2026م.
Aclonifen,74070-46-5,مسموح ومسجل (مؤقتاً),Green,قرار رقم 500 لسنة 2026م. يسمح بتداوله واستيراده بموجب قرار وزارة الزراعة رقم 500 لسنة 2026م.
Akanthomyces muscarius Ve6 (formerly Lecanicillium muscarium strain Ve6),No CAS allocated,يتطلب تقييم مخاطر محلياً,Orange,قرار رقم 500 لسنة 2026م. مسموح مؤقتاً بشرط توفر إذن استيراد مسبق وتقييم مخاطر محلياً (قرار 500 لسنة 2026م).
Allium cepa L. bulb extract,No CAS allocated,يتطلب مراجعة علمية مسبقة,Yellow,قرار رقم 500 لسنة 2026م. مسموح مؤقتاً بشرط توفر إذن استيراد مسبق ومراجعة علمية قبل الاستيراد (قرار 500 لسنة 2026م).
"Allium fistulosum, processed",No CAS allocated,يتطلب مراجعة علمية مسبقة,Yellow,قرار رقم 500 لسنة 2026م. مسموح مؤقتاً بشرط توفر إذن استيراد مسبق ومراجعة علمية قبل الاستيراد (قرار 500 لسنة 2026م).
Aluminium ammonium sulphate,7784-26-1,يتطلب مراجعة علمية مسبقة,Yellow,قرار رقم 500 لسنة 2026م. مسموح مؤقتاً بشرط توفر إذن استيراد مسبق ومراجعة علمية قبل الاستيراد (قرار 500 لسنة 2026م).
Aluminium phosphide,20859-73-8,مسموح ومسجل (مؤقتاً),Green,قرار رقم 500 لسنة 2026م. يسمح بتداوله واستيراده بموجب قرار وزارة الزراعة رقم 500 لسنة 2026م.
Aluminium silicate (aka kaolin),1332-58-7,يتطلب تقييم مخاطر محلياً,Orange,قرار رقم 500 لسنة 2026م. مسموح مؤقتاً بشرط توفر إذن استيراد مسبق وتقييم مخاطر محلياً (قرار 500 لسنة 2026م).
Aluminium sulfate,17927-65-0,يتطلب تقييم مخاطر محلياً,Orange,قرار رقم 500 لسنة 2026م. مسموح مؤقتاً بشرط توفر إذن استيراد مسبق وتقييم مخاطر محلياً (قرار 500 لسنة 2026م).
Ametoctradin,865318-97-4,يتطلب تقييم مخاطر محلياً,Orange,قرار رقم 500 لسنة 2026م. مسموح مؤقتاً بشرط توفر إذن استيراد مسبق وتقييم مخاطر محلياً (قرار 500 لسنة 2026م).
Amidosulfuron,120923-37-7,يتطلب مراجعة علمية مسبقة,Yellow,قرار رقم 500 لسنة 2026م. مسموح مؤقتاً بشرط توفر إذن استيراد مسبق ومراجعة علمية قبل الاستيراد (قرار 500 لسنة 2026م).
Aminopyralid,150114-71-9,يتطلب تقييم مخاطر محلياً,Orange,قرار رقم 500 لسنة 2026م. مسموح مؤقتاً بشرط توفر إذن استيراد مسبق وتقييم مخاطر محلياً (قرار 500 لسنة 2026م).
Amisulbrom,348635-87-0,مسموح ومسجل (مؤقتاً),Green,قرار رقم 500 لسنة 2026م. يسمح بتداوله واستيراده بموجب قرار وزارة الزراعة رقم 500 لسنة 2026م.
Ampelomyces quisqualis strain AQ10,No CAS allocated,يتطلب مراجعة علمية مسبقة,Yellow,قرار رقم 500 لسنة 2026م. مسموح مؤقتاً بشرط توفر إذن استيراد مسبق ومراجعة علمية قبل الاستيراد (قرار 500 لسنة 2026م).
Aqueous extract from the germinated seeds of sweet Lupinus albus,No CAS allocated,يتطلب مراجعة علمية مسبقة,Yellow,قرار رقم 500 لسنة 2026م. مسموح مؤقتاً بشرط توفر إذن استيراد مسبق ومراجعة علمية قبل الاستيراد (قرار 500 لسنة 2026م).
Aureobasidium pullulans (strains DSM 14940 and DSM 14941),No CAS allocated,يتطلب مراجعة علمية مسبقة,Yellow,قرار رقم 500 لسنة 2026م. مسموح مؤقتاً بشرط توفر إذن استيراد مسبق ومراجعة علمية قبل الاستيراد (قرار 500 لسنة 2026م).
Azadirachtin (Margosa extract),11141-17-6,مسموح ومسجل (مؤقتاً),Green,قرار رقم 500 لسنة 2026م. يسمح بتداوله واستيراده بموجب قرار وزارة الزراعة رقم 500 لسنة 2026م.
Azoxystrobin,131860-33-8,مسموح ومسجل (مؤقتاً),Green,قرار رقم 500 لسنة 2026م. يسمح بتداوله واستيراده بموجب قرار وزارة الزراعة رقم 500 لسنة 2026م.
Bacillus amyloliquefaciens (formerly subtilis) strain QST 713,No CAS allocated,يتطلب مراجعة علمية مسبقة,Yellow,قرار رقم 500 لسنة 2026م. مسموح مؤقتاً بشرط توفر إذن استيراد مسبق ومراجعة علمية قبل الاستيراد (قرار 500 لسنة 2026م).
Bacillus amyloliquefaciens AH2,No CAS allocated,يتطلب تقييم مخاطر محلياً,Orange,قرار رقم 500 لسنة 2026م. مسموح مؤقتاً بشرط توفر إذن استيراد مسبق وتقييم مخاطر محلياً (قرار 500 لسنة 2026م).
Bacillus amyloliquefaciens IT-45,No CAS allocated,يتطلب تقييم مخاطر محلياً,Orange,قرار رقم 500 لسنة 2026م. مسموح مؤقتاً بشرط توفر إذن استيراد مسبق وتقييم مخاطر محلياً (قرار 500 لسنة 2026م).
Bacillus amyloliquefaciens strain FZB24,No CAS allocated,يتطلب مراجعة علمية مسبقة,Yellow,قرار رقم 500 لسنة 2026م. مسموح مؤقتاً بشرط توفر إذن استيراد مسبق ومراجعة علمية قبل الاستيراد (قرار 500 لسنة 2026م).
Bacillus amyloliquefaciens strain MBI 600,No CAS allocated,مسموح ومسجل (مؤقتاً),Green,قرار رقم 500 لسنة 2026م. يسمح بتداوله واستيراده بموجب قرار وزارة الزراعة رقم 500 لسنة 2026م.
Bacillus amyloliquefaciens subsp. plantarum D747,No CAS allocated,يتطلب مراجعة علمية مسبقة,Yellow,قرار رقم 500 لسنة 2026م. مسموح مؤقتاً بشرط توفر إذن استيراد مسبق ومراجعة علمية قبل الاستيراد (قرار 500 لسنة 2026م).
Bacillus subtilis strain IAB/BS03,No CAS allocated,مسموح ومسجل (مؤقتاً),Green,قرار رقم 500 لسنة 2026م. يسمح بتداوله واستيراده بموجب قرار وزارة الزراعة رقم 500 لسنة 2026م.
Bacillus subtilis strain RTI477,No CAS allocated,مسموح ومسجل (مؤقتاً),Green,قرار رقم 500 لسنة 2026م. يسمح بتداوله واستيراده بموجب قرار وزارة الزراعة رقم 500 لسنة 2026م.
Bacillus thuringiensis subsp. Aizawai strain ABTS-1857,No CAS allocated,يتطلب مراجعة علمية مسبقة,Yellow,قرار رقم 500 لسنة 2026م. مسموح مؤقتاً بشرط توفر إذن استيراد مسبق ومراجعة علمية قبل الاستيراد (قرار 500 لسنة 2026م).
Bacillus thuringiensis subsp. Aizawai strain GC-91,No CAS allocated,يتطلب مراجعة علمية مسبقة,Yellow,قرار رقم 500 لسنة 2026م. مسموح مؤقتاً بشرط توفر إذن استيراد مسبق ومراجعة علمية قبل الاستيراد (قرار 500 لسنة 2026م).
Bacillus thuringiensis subsp. israelensis (serotype H-14) strain AM65-52,No CAS allocated,مسموح ومسجل (مؤقتاً),Green,قرار رقم 500 لسنة 2026م. يسمح بتداوله واستيراده بموجب قرار وزارة الزراعة رقم 500 لسنة 2026م.
Bacillus thuringiensis subsp. Kurstaki strain ABTS-351,No CAS allocated,يتطلب مراجعة علمية مسبقة,Yellow,قرار رقم 500 لسنة 2026م. مسموح مؤقتاً بشرط توفر إذن استيراد مسبق ومراجعة علمية قبل الاستيراد (قرار 500 لسنة 2026م).
Bacillus thuringiensis subsp. Kurstaki strain EG2348,No CAS allocated,مسموح ومسجل (مؤقتاً),Green,قرار رقم 500 لسنة 2026م. يسمح بتداوله واستيراده بموجب قرار وزارة الزراعة رقم 500 لسنة 2026م.
Bacillus thuringiensis subsp. Kurstaki strain PB 54,No CAS allocated,يتطلب تقييم مخاطر محلياً,Orange,قرار رقم 500 لسنة 2026م. مسموح مؤقتاً بشرط توفر إذن استيراد مسبق وتقييم مخاطر محلياً (قرار 500 لسنة 2026م).
Bacillus thuringiensis subsp. Kurstaki strain SA 11,No CAS allocated,يتطلب مراجعة علمية مسبقة,Yellow,قرار رقم 500 لسنة 2026م. مسموح مؤقتاً بشرط توفر إذن استيراد مسبق ومراجعة علمية قبل الاستيراد (قرار 500 لسنة 2026م).
Bacillus thuringiensis subsp. Kurstaki strain SA 12,No CAS allocated,يتطلب مراجعة علمية مسبقة,Yellow,قرار رقم 500 لسنة 2026م. مسموح مؤقتاً بشرط توفر إذن استيراد مسبق ومراجعة علمية قبل الاستيراد (قرار 500 لسنة 2026م).
Bacillus velezensis strain RTI301,No CAS allocated,يتطلب تقييم مخاطر محلياً,Orange,قرار رقم 500 لسنة 2026م. مسموح مؤقتاً بشرط توفر إذن استيراد مسبق وتقييم مخاطر محلياً (قرار 500 لسنة 2026م).
Beauveria bassiana strain 147,No CAS allocated,يتطلب تقييم مخاطر محلياً,Orange,قرار رقم 500 لسنة 2026م. مسموح مؤقتاً بشرط توفر إذن استيراد مسبق وتقييم مخاطر محلياً (قرار 500 لسنة 2026م).
Beauveria bassiana strain 203,No CAS allocated,يتطلب تقييم مخاطر محلياً,Orange,قرار رقم 500 لسنة 2026م. مسموح مؤقتاً بشرط توفر إذن استيراد مسبق وتقييم مخاطر محلياً (قرار 500 لسنة 2026م).
Beauveria bassiana strain ATCC 74040,No CAS allocated,مسموح ومسجل (مؤقتاً),Green,قرار رقم 500 لسنة 2026م. يسمح بتداوله واستيراده بموجب قرار وزارة الزراعة رقم 500 لسنة 2026م.
Beauveria bassiana strain GHA,No CAS allocated,يتطلب مراجعة علمية مسبقة,Yellow,قرار رقم 500 لسنة 2026م. مسموح مؤقتاً بشرط توفر إذن استيراد مسبق ومراجعة علمية قبل الاستيراد (قرار 500 لسنة 2026م).
Beauveria bassiana strain IMI389521,No CAS allocated,يتطلب تقييم مخاطر محلياً,Orange,قرار رقم 500 لسنة 2026م. مسموح مؤقتاً بشرط توفر إذن استيراد مسبق وتقييم مخاطر محلياً (قرار 500 لسنة 2026م).
Beauveria bassiana strain NPP111B005,No CAS allocated,يتطلب تقييم مخاطر محلياً,Orange,قرار رقم 500 لسنة 2026م. مسموح مؤقتاً بشرط توفر إذن استيراد مسبق وتقييم مخاطر محلياً (قرار 500 لسنة 2026م).
Beauveria bassiana strain PPRI 5339,No CAS allocated,يتطلب مراجعة علمية مسبقة,Yellow,قرار رقم 500 لسنة 2026م. مسموح مؤقتاً بشرط توفر إذن استيراد مسبق ومراجعة علمية قبل الاستيراد (قرار 500 لسنة 2026م).
Beauveria bassiana strains ATCC 74040 and GHA,No CAS allocated,مسموح ومسجل (مؤقتاً),Green,قرار رقم 500 لسنة 2026م. يسمح بتداوله واستيراده بموجب قرار وزارة الزراعة رقم 500 لسنة 2026م.
Beer,No CAS allocated,يتطلب مراجعة علمية مسبقة,Yellow,قرار رقم 500 لسنة 2026م. مسموح مؤقتاً بشرط توفر إذن استيراد مسبق ومراجعة علمية قبل الاستيراد (قرار 500 لسنة 2026م).
Beflubutamid,113614-08-7,يتطلب تقييم مخاطر محلياً,Orange,قرار رقم 500 لسنة 2026م. مسموح مؤقتاً بشرط توفر إذن استيراد مسبق وتقييم مخاطر محلياً (قرار 500 لسنة 2026م).
Benalaxyl-M,98243-83-5,يتطلب تقييم مخاطر محلياً,Orange,قرار رقم 500 لسنة 2026م. مسموح مؤقتاً بشرط توفر إذن استيراد مسبق وتقييم مخاطر محلياً (قرار 500 لسنة 2026م).
Bensulfuron,83055-99-6,يتطلب مراجعة علمية مسبقة,Yellow,قرار رقم 500 لسنة 2026م. مسموح مؤقتاً بشرط توفر إذن استيراد مسبق ومراجعة علمية قبل الاستيراد (قرار 500 لسنة 2026م).
Bentazone,25057-89-0,مسموح ومسجل (مؤقتاً),Green,قرار رقم 500 لسنة 2026م. يسمح بتداوله واستيراده بموجب قرار وزارة الزراعة رقم 500 لسنة 2026م.
Benzoic acid,65-85-0,يتطلب مراجعة علمية مسبقة,Yellow,قرار رقم 500 لسنة 2026م. مسموح مؤقتاً بشرط توفر إذن استيراد مسبق ومراجعة علمية قبل الاستيراد (قرار 500 لسنة 2026م).
Benzovindiflupyr,1072957-71-1,مسموح ومسجل (مؤقتاً),Green,قرار رقم 500 لسنة 2026م. يسمح بتداوله واستيراده بموجب قرار وزارة الزراعة رقم 500 لسنة 2026م.
Betabaculovirus phoropcellulae,No CAS allocated,يتطلب تقييم مخاطر محلياً,Orange,قرار رقم 500 لسنة 2026م. مسموح مؤقتاً بشرط توفر إذن استيراد مسبق وتقييم مخاطر محلياً (قرار 500 لسنة 2026م).
Bifenazate,149877-41-8,مسموح ومسجل (مؤقتاً),Green,قرار رقم 500 لسنة 2026م. يسمح بتداوله واستيراده بموجب قرار وزارة الزراعة رقم 500 لسنة 2026م.
Bifenox,42576-02-3,يتطلب مراجعة علمية مسبقة,Yellow,قرار رقم 500 لسنة 2026م. مسموح مؤقتاً بشرط توفر إذن استيراد مسبق ومراجعة علمية قبل الاستيراد (قرار 500 لسنة 2026م).
Bixafen,581809-46-3,مسموح ومسجل (مؤقتاً),Green,قرار رقم 500 لسنة 2026م. يسمح بتداوله واستيراده بموجب قرار وزارة الزراعة رقم 500 لسنة 2026م.
Bixlozone,81777-95-9,يتطلب تقييم مخاطر محلياً,Orange,قرار رقم 500 لسنة 2026م. مسموح مؤقتاً بشرط توفر إذن استيراد مسبق وتقييم مخاطر محلياً (قرار 500 لسنة 2026م).
Blood meal,No CAS allocated,يتطلب تقييم مخاطر محلياً,Orange,قرار رقم 500 لسنة 2026م. مسموح مؤقتاً بشرط توفر إذن استيراد مسبق وتقييم مخاطر محلياً (قرار 500 لسنة 2026م).
Bordeaux mixture,No CAS allocated,مسموح ومسجل (مؤقتاً),Green,قرار رقم 500 لسنة 2026م. يسمح بتداوله واستيراده بموجب قرار وزارة الزراعة رقم 500 لسنة 2026م.
Boscalid (formerly nicobifen),188425-85-6,مسموح ومسجل (مؤقتاً),Green,قرار رقم 500 لسنة 2026م. يسمح بتداوله واستيراده بموجب قرار وزارة الزراعة رقم 500 لسنة 2026م.
Bromuconazole,116255-48-2,مسموح ومسجل (مؤقتاً),Green,قرار رقم 500 لسنة 2026م. يسمح بتداوله واستيراده بموجب قرار وزارة الزراعة رقم 500 لسنة 2026م.
Bupirimate,41483-43-6,مسموح ومسجل (مؤقتاً),Green,قرار رقم 500 لسنة 2026م. يسمح بتداوله واستيراده بموجب قرار وزارة الزراعة رقم 500 لسنة 2026م.
Buprofezin,69327-76-0,مسموح ومسجل (مؤقتاً),Green,قرار رقم 500 لسنة 2026م. يسمح بتداوله واستيراده بموجب قرار وزارة الزراعة رقم 500 لسنة 2026م.
COS-OGA,No CAS allocated,يتطلب مراجعة علمية مسبقة,Yellow,قرار رقم 500 لسنة 2026م. مسموح مؤقتاً بشرط توفر إذن استيراد مسبق ومراجعة علمية قبل الاستيراد (قرار 500 لسنة 2026م).
Calcium carbide,75-20-7,يتطلب تقييم مخاطر محلياً,Orange,قرار رقم 500 لسنة 2026م. مسموح مؤقتاً بشرط توفر إذن استيراد مسبق وتقييم مخاطر محلياً (قرار 500 لسنة 2026م).
Calcium carbonate,471-34-1,يتطلب تقييم مخاطر محلياً,Orange,قرار رقم 500 لسنة 2026م. مسموح مؤقتاً بشرط توفر إذن استيراد مسبق وتقييم مخاطر محلياً (قرار 500 لسنة 2026م).
Calcium hydroxide,1305-62-0,يتطلب تقييم مخاطر محلياً,Orange,قرار رقم 500 لسنة 2026م. مسموح مؤقتاً بشرط توفر إذن استيراد مسبق وتقييم مخاطر محلياً (قرار 500 لسنة 2026م).
Candida oleophila strain O,No CAS allocated,يتطلب تقييم مخاطر محلياً,Orange,قرار رقم 500 لسنة 2026م. مسموح مؤقتاً بشرط توفر إذن استيراد مسبق وتقييم مخاطر محلياً (قرار 500 لسنة 2026م).
Capric acid (CAS 334-48-5),334485,يتطلب مراجعة علمية مسبقة,Yellow,قرار رقم 500 لسنة 2026م. مسموح مؤقتاً بشرط توفر إذن استيراد مسبق ومراجعة علمية قبل الاستيراد (قرار 500 لسنة 2026م).
Caprylic acid (CAS 124-07-2),124-07-2,يتطلب مراجعة علمية مسبقة,Yellow,قرار رقم 500 لسنة 2026م. مسموح مؤقتاً بشرط توفر إذن استيراد مسبق ومراجعة علمية قبل الاستيراد (قرار 500 لسنة 2026م).
Captan,133-06-02,يتطلب مراجعة علمية مسبقة,Yellow,قرار رقم 500 لسنة 2026م. مسموح مؤقتاً بشرط توفر إذن استيراد مسبق ومراجعة علمية قبل الاستيراد (قرار 500 لسنة 2026م).
Carbon dioxide (active substance),124-38-9,يتطلب تقييم مخاطر محلياً,Orange,قرار رقم 500 لسنة 2026م. مسموح مؤقتاً بشرط توفر إذن استيراد مسبق وتقييم مخاطر محلياً (قرار 500 لسنة 2026م).
Carfentrazone-ethyl,128639-02-1,مسموح ومسجل (مؤقتاً),Green,قرار رقم 500 لسنة 2026م. يسمح بتداوله واستيراده بموجب قرار وزارة الزراعة رقم 500 لسنة 2026م.
Carvone,244-16-8,يتطلب مراجعة علمية مسبقة,Yellow,قرار رقم 500 لسنة 2026م. مسموح مؤقتاً بشرط توفر إذن استيراد مسبق ومراجعة علمية قبل الاستيراد (قرار 500 لسنة 2026م).
Cerevisane,No CAS allocated,يتطلب مراجعة علمية مسبقة,Yellow,قرار رقم 500 لسنة 2026م. مسموح مؤقتاً بشرط توفر إذن استيراد مسبق ومراجعة علمية قبل الاستيراد (قرار 500 لسنة 2026م).
Chitosan,9012-76-4,يتطلب مراجعة علمية مسبقة,Yellow,قرار رقم 500 لسنة 2026م. مسموح مؤقتاً بشرط توفر إذن استيراد مسبق ومراجعة علمية قبل الاستيراد (قرار 500 لسنة 2026م).
Chitosan hydrochloride,9012-76-4,يتطلب مراجعة علمية مسبقة,Yellow,قرار رقم 500 لسنة 2026م. مسموح مؤقتاً بشرط توفر إذن استيراد مسبق ومراجعة علمية قبل الاستيراد (قرار 500 لسنة 2026م).
Chlorantraniliprole,500008-45-7,مسموح ومسجل (مؤقتاً),Green,قرار رقم 500 لسنة 2026م. يسمح بتداوله واستيراده بموجب قرار وزارة الزراعة رقم 500 لسنة 2026م.
Chlormequat,7003-89-6,مسموح ومسجل (مؤقتاً),Green,قرار رقم 500 لسنة 2026م. يسمح بتداوله واستيراده بموجب قرار وزارة الزراعة رقم 500 لسنة 2026م.
Chlorotoluron,15545-48-9,مسموح ومسجل (مؤقتاً),Green,قرار رقم 500 لسنة 2026م. يسمح بتداوله واستيراده بموجب قرار وزارة الزراعة رقم 500 لسنة 2026م.
Clayed charcoal,No CAS allocated,يتطلب تقييم مخاطر محلياً,Orange,قرار رقم 500 لسنة 2026م. مسموح مؤقتاً بشرط توفر إذن استيراد مسبق وتقييم مخاطر محلياً (قرار 500 لسنة 2026م).
Clethodim,99129-21-2,مسموح ومسجل (مؤقتاً),Green,قرار رقم 500 لسنة 2026م. يسمح بتداوله واستيراده بموجب قرار وزارة الزراعة رقم 500 لسنة 2026م.
Clodinafop,105512-06-9,مسموح ومسجل (مؤقتاً),Green,قرار رقم 500 لسنة 2026م. يسمح بتداوله واستيراده بموجب قرار وزارة الزراعة رقم 500 لسنة 2026م.
Clomazone,81777-89-1,مسموح ومسجل (مؤقتاً),Green,قرار رقم 500 لسنة 2026م. يسمح بتداوله واستيراده بموجب قرار وزارة الزراعة رقم 500 لسنة 2026م.
Clonostachys rosea strain J1446 (Gliocladium catenulatum strain J1446),No CAS allocated,يتطلب مراجعة علمية مسبقة,Yellow,قرار رقم 500 لسنة 2026م. مسموح مؤقتاً بشرط توفر إذن استيراد مسبق ومراجعة علمية قبل الاستيراد (قرار 500 لسنة 2026م).
Clopyralid,1702-17-6,مسموح ومسجل (مؤقتاً),Green,قرار رقم 500 لسنة 2026م. يسمح بتداوله واستيراده بموجب قرار وزارة الزراعة رقم 500 لسنة 2026م.
Coniothyrium minitans Strain CON/M/91-08 (DSM 9660),No CAS allocated,يتطلب مراجعة علمية مسبقة,Yellow,قرار رقم 500 لسنة 2026م. مسموح مؤقتاً بشرط توفر إذن استيراد مسبق ومراجعة علمية قبل الاستيراد (قرار 500 لسنة 2026م).
Copper compounds,No unique CAS,يتطلب مراجعة علمية مسبقة,Yellow,قرار رقم 500 لسنة 2026م. مسموح مؤقتاً بشرط توفر إذن استيراد مسبق ومراجعة علمية قبل الاستيراد (قرار 500 لسنة 2026م).
Copper hydroxide,20427-59-2,يتطلب مراجعة علمية مسبقة,Yellow,قرار رقم 500 لسنة 2026م. مسموح مؤقتاً بشرط توفر إذن استيراد مسبق ومراجعة علمية قبل الاستيراد (قرار 500 لسنة 2026م).
Copper oxide,1317-39-1,يتطلب مراجعة علمية مسبقة,Yellow,قرار رقم 500 لسنة 2026م. مسموح مؤقتاً بشرط توفر إذن استيراد مسبق ومراجعة علمية قبل الاستيراد (قرار 500 لسنة 2026م).
Copper oxychloride,1332-65-6,مسموح ومسجل (مؤقتاً),Green,قرار رقم 500 لسنة 2026م. يسمح بتداوله واستيراده بموجب قرار وزارة الزراعة رقم 500 لسنة 2026م.
Cow Milk,No CAS allocated,يتطلب تقييم مخاطر محلياً,Orange,قرار رقم 500 لسنة 2026م. مسموح مؤقتاً بشرط توفر إذن استيراد مسبق وتقييم مخاطر محلياً (قرار 500 لسنة 2026م).
Cyantraniliprole,736994-63-1,مسموح ومسجل (مؤقتاً),Green,قرار رقم 500 لسنة 2026م. يسمح بتداوله واستيراده بموجب قرار وزارة الزراعة رقم 500 لسنة 2026م.
Cyazofamid,120116-88-3,مسموح ومسجل (مؤقتاً),Green,قرار رقم 500 لسنة 2026م. يسمح بتداوله واستيراده بموجب قرار وزارة الزراعة رقم 500 لسنة 2026م.
Cycloxydim,101 205-02-1,مسموح ومسجل (مؤقتاً),Green,قرار رقم 500 لسنة 2026م. يسمح بتداوله واستيراده بموجب قرار وزارة الزراعة رقم 500 لسنة 2026م.
Cydia pomonella Granulovirus (CpGV),No CAS allocated,مسموح ومسجل (مؤقتاً),Green,قرار رقم 500 لسنة 2026م. يسمح بتداوله واستيراده بموجب قرار وزارة الزراعة رقم 500 لسنة 2026م.
Cyflufenamid,180409-60-3,مسموح ومسجل (مؤقتاً),Green,قرار رقم 500 لسنة 2026م. يسمح بتداوله واستيراده بموجب قرار وزارة الزراعة رقم 500 لسنة 2026م.
Cyflumetofen,400882-07-7,مسموح ومسجل (مؤقتاً),Green,قرار رقم 500 لسنة 2026م. يسمح بتداوله واستيراده بموجب قرار وزارة الزراعة رقم 500 لسنة 2026م.
Cyhalofop-butyl,122008-85-9,مسموح ومسجل (مؤقتاً),Green,قرار رقم 500 لسنة 2026م. يسمح بتداوله واستيراده بموجب قرار وزارة الزراعة رقم 500 لسنة 2026م.
Cymoxanil,57966-95-7,مسموح ومسجل (مؤقتاً),Green,قرار رقم 500 لسنة 2026م. يسمح بتداوله واستيراده بموجب قرار وزارة الزراعة رقم 500 لسنة 2026م.
Cypermethrin,52315-07-8,مسموح ومسجل (مؤقتاً),Green,قرار رقم 500 لسنة 2026م. يسمح بتداوله واستيراده بموجب قرار وزارة الزراعة رقم 500 لسنة 2026م.
Cyprodinil,121552-61-2,مسموح ومسجل (مؤقتاً),Green,قرار رقم 500 لسنة 2026م. يسمح بتداوله واستيراده بموجب قرار وزارة الزراعة رقم 500 لسنة 2026م.
Daminozide,1596-84-5,يتطلب مراجعة علمية مسبقة,Yellow,قرار رقم 500 لسنة 2026م. مسموح مؤقتاً بشرط توفر إذن استيراد مسبق ومراجعة علمية قبل الاستيراد (قرار 500 لسنة 2026م).
Dazomet,533-74-4,مسموح ومسجل (مؤقتاً),Green,قرار رقم 500 لسنة 2026م. يسمح بتداوله واستيراده بموجب قرار وزارة الزراعة رقم 500 لسنة 2026م.
Deltamethrin,52918-63-5,مسموح ومسجل (مؤقتاً),Green,قرار رقم 500 لسنة 2026م. يسمح بتداوله واستيراده بموجب قرار وزارة الزراعة رقم 500 لسنة 2026م.
Diammonium phosphate,7783-28-0,يتطلب مراجعة علمية مسبقة,Yellow,قرار رقم 500 لسنة 2026م. مسموح مؤقتاً بشرط توفر إذن استيراد مسبق ومراجعة علمية قبل الاستيراد (قرار 500 لسنة 2026م).
Dicamba,1918-00-9,مسموح ومسجل (مؤقتاً),Green,قرار رقم 500 لسنة 2026م. يسمح بتداوله واستيراده بموجب قرار وزارة الزراعة رقم 500 لسنة 2026م.
Dichlorprop-P,15165-67-0,مسموح ومسجل (مؤقتاً),Green,قرار رقم 500 لسنة 2026م. يسمح بتداوله واستيراده بموجب قرار وزارة الزراعة رقم 500 لسنة 2026م.
Diclofop,40843-25-2,يتطلب مراجعة علمية مسبقة,Yellow,قرار رقم 500 لسنة 2026م. مسموح مؤقتاً بشرط توفر إذن استيراد مسبق ومراجعة علمية قبل الاستيراد (قرار 500 لسنة 2026م).
Difenoconazole,119446-68-3,مسموح ومسجل (مؤقتاً),Green,قرار رقم 500 لسنة 2026م. يسمح بتداوله واستيراده بموجب قرار وزارة الزراعة رقم 500 لسنة 2026م.
Diflufenican,83164-33-4,مسموح ومسجل (مؤقتاً),Green,قرار رقم 500 لسنة 2026م. يسمح بتداوله واستيراده بموجب قرار وزارة الزراعة رقم 500 لسنة 2026م.
Dimethachlor,50563-36-5,مسموح ومسجل (مؤقتاً),Green,قرار رقم 500 لسنة 2026م. يسمح بتداوله واستيراده بموجب قرار وزارة الزراعة رقم 500 لسنة 2026م.
Dimethenamid-P,163515-14-8,يتطلب مراجعة علمية مسبقة,Yellow,قرار رقم 500 لسنة 2026م. مسموح مؤقتاً بشرط توفر إذن استيراد مسبق ومراجعة علمية قبل الاستيراد (قرار 500 لسنة 2026م).
Disodium phosphonate,13708-85-5,يتطلب تقييم مخاطر محلياً,Orange,قرار رقم 500 لسنة 2026م. مسموح مؤقتاً بشرط توفر إذن استيراد مسبق وتقييم مخاطر محلياً (قرار 500 لسنة 2026م).
Dithianon,3347-22-6,مسموح ومسجل (مؤقتاً),Green,قرار رقم 500 لسنة 2026م. يسمح بتداوله واستيراده بموجب قرار وزارة الزراعة رقم 500 لسنة 2026م.
Dodecan-1-ol (SCLP Alcohols),112-53-8,يتطلب مراجعة علمية مسبقة,Yellow,قرار رقم 500 لسنة 2026م. مسموح مؤقتاً بشرط توفر إذن استيراد مسبق ومراجعة علمية قبل الاستيراد (قرار 500 لسنة 2026م).
Dodecyl acetate (SCLP Acetates),112-66-3,يتطلب مراجعة علمية مسبقة,Yellow,قرار رقم 500 لسنة 2026م. مسموح مؤقتاً بشرط توفر إذن استيراد مسبق ومراجعة علمية قبل الاستيراد (قرار 500 لسنة 2026م).
Dodine,2439-10-3,مسموح ومسجل (مؤقتاً),Green,قرار رقم 500 لسنة 2026م. يسمح بتداوله واستيراده بموجب قرار وزارة الزراعة رقم 500 لسنة 2026م.
Elemental iron,7439-89-6,يتطلب تقييم مخاطر محلياً,Orange,قرار رقم 500 لسنة 2026م. مسموح مؤقتاً بشرط توفر إذن استيراد مسبق وتقييم مخاطر محلياً (قرار 500 لسنة 2026م).
Emamectin (benzoate),119791-41-2,مسموح ومسجل (مؤقتاً),Green,قرار رقم 500 لسنة 2026م. يسمح بتداوله واستيراده بموجب قرار وزارة الزراعة رقم 500 لسنة 2026م.
Equisetum arvense L.,No CAS allocated,يتطلب تقييم مخاطر محلياً,Orange,قرار رقم 500 لسنة 2026م. مسموح مؤقتاً بشرط توفر إذن استيراد مسبق وتقييم مخاطر محلياً (قرار 500 لسنة 2026م).
Esfenvalerate,66230-04-4,مسموح ومسجل (مؤقتاً),Green,قرار رقم 500 لسنة 2026م. يسمح بتداوله واستيراده بموجب قرار وزارة الزراعة رقم 500 لسنة 2026م.
Ethephon,16672-87-0,مسموح ومسجل (مؤقتاً),Green,قرار رقم 500 لسنة 2026م. يسمح بتداوله واستيراده بموجب قرار وزارة الزراعة رقم 500 لسنة 2026م.
Ethofumesate,26225-79-6,مسموح ومسجل (مؤقتاً),Green,قرار رقم 500 لسنة 2026م. يسمح بتداوله واستيراده بموجب قرار وزارة الزراعة رقم 500 لسنة 2026م.
Ethylene,74-85-1,يتطلب تقييم مخاطر محلياً,Orange,قرار رقم 500 لسنة 2026م. مسموح مؤقتاً بشرط توفر إذن استيراد مسبق وتقييم مخاطر محلياً (قرار 500 لسنة 2026م).
Etofenprox,80844-07-1,مسموح ومسجل (مؤقتاً),Green,قرار رقم 500 لسنة 2026م. يسمح بتداوله واستيراده بموجب قرار وزارة الزراعة رقم 500 لسنة 2026م.
Etoxazole,153233-91-1,مسموح ومسجل (مؤقتاً),Green,قرار رقم 500 لسنة 2026م. يسمح بتداوله واستيراده بموجب قرار وزارة الزراعة رقم 500 لسنة 2026م.
Eugenol,97-53-0,يتطلب مراجعة علمية مسبقة,Yellow,قرار رقم 500 لسنة 2026م. مسموح مؤقتاً بشرط توفر إذن استيراد مسبق ومراجعة علمية قبل الاستيراد (قرار 500 لسنة 2026م).
Extract from tea tree,No CAS allocated,يتطلب تقييم مخاطر محلياً,Orange,قرار رقم 500 لسنة 2026م. مسموح مؤقتاً بشرط توفر إذن استيراد مسبق وتقييم مخاطر محلياً (قرار 500 لسنة 2026م).
Fat distillation residues,No CAS allocated,يتطلب تقييم مخاطر محلياً,Orange,قرار رقم 500 لسنة 2026م. مسموح مؤقتاً بشرط توفر إذن استيراد مسبق وتقييم مخاطر محلياً (قرار 500 لسنة 2026م).
Fatty acids C7-C18 and C18 unsaturated potassium salts,67701-09-1,يتطلب تقييم مخاطر محلياً,Orange,قرار رقم 500 لسنة 2026م. مسموح مؤقتاً بشرط توفر إذن استيراد مسبق وتقييم مخاطر محلياً (قرار 500 لسنة 2026م).
Fenazaquin,120928-09-8,مسموح ومسجل (مؤقتاً),Green,قرار رقم 500 لسنة 2026م. يسمح بتداوله واستيراده بموجب قرار وزارة الزراعة رقم 500 لسنة 2026م.
Fenhexamid,126833-17-8,مسموح ومسجل (مؤقتاً),Green,قرار رقم 500 لسنة 2026م. يسمح بتداوله واستيراده بموجب قرار وزارة الزراعة رقم 500 لسنة 2026م.
Fenoxaprop-P-ethyl,71283-80-2,مسموح ومسجل (مؤقتاً),Green,قرار رقم 500 لسنة 2026م. يسمح بتداوله واستيراده بموجب قرار وزارة الزراعة رقم 500 لسنة 2026م.
Fenpicoxamid (formerly: Lyserphenvalpyr),517875-34-2,مسموح ومسجل (مؤقتاً),Green,قرار رقم 500 لسنة 2026م. يسمح بتداوله واستيراده بموجب قرار وزارة الزراعة رقم 500 لسنة 2026م.
Fenpropidin,67306-00-7,يتطلب مراجعة علمية مسبقة,Yellow,قرار رقم 500 لسنة 2026م. مسموح مؤقتاً بشرط توفر إذن استيراد مسبق ومراجعة علمية قبل الاستيراد (قرار 500 لسنة 2026م).
Fenpyroximate,134098-61-6,مسموح ومسجل (مؤقتاً),Green,قرار رقم 500 لسنة 2026م. يسمح بتداوله واستيراده بموجب قرار وزارة الزراعة رقم 500 لسنة 2026م.
Ferric phosphate,10045-86-0,يتطلب مراجعة علمية مسبقة,Yellow,قرار رقم 500 لسنة 2026م. مسموح مؤقتاً بشرط توفر إذن استيراد مسبق ومراجعة علمية قبل الاستيراد (قرار 500 لسنة 2026م).
Ferric pyrophosphate,10058-44-3,يتطلب مراجعة علمية مسبقة,Yellow,قرار رقم 500 لسنة 2026م. مسموح مؤقتاً بشرط توفر إذن استيراد مسبق ومراجعة علمية قبل الاستيراد (قرار 500 لسنة 2026م).
Flazasulfuron,104040-78-0,يتطلب مراجعة علمية مسبقة,Yellow,قرار رقم 500 لسنة 2026م. مسموح مؤقتاً بشرط توفر إذن استيراد مسبق ومراجعة علمية قبل الاستيراد (قرار 500 لسنة 2026م).
Flonicamid (IKI-220),158062-67-0,مسموح ومسجل (مؤقتاً),Green,قرار رقم 500 لسنة 2026م. يسمح بتداوله واستيراده بموجب قرار وزارة الزراعة رقم 500 لسنة 2026م.
Florasulam,145701-23-1,مسموح ومسجل (مؤقتاً),Green,قرار رقم 500 لسنة 2026م. يسمح بتداوله واستيراده بموجب قرار وزارة الزراعة رقم 500 لسنة 2026م.
Florpyrauxifen-benzyl,139066-12-9,مسموح ومسجل (مؤقتاً),Green,قرار رقم 500 لسنة 2026م. يسمح بتداوله واستيراده بموجب قرار وزارة الزراعة رقم 500 لسنة 2026م.
Fluazifop-P,83066-88-0,مسموح ومسجل (مؤقتاً),Green,قرار رقم 500 لسنة 2026م. يسمح بتداوله واستيراده بموجب قرار وزارة الزراعة رقم 500 لسنة 2026م.
Fluazinam,79622-59-6,مسموح ومسجل (مؤقتاً),Green,قرار رقم 500 لسنة 2026م. يسمح بتداوله واستيراده بموجب قرار وزارة الزراعة رقم 500 لسنة 2026م.
Fludioxonil,131341-86-1,مسموح ومسجل (مؤقتاً),Green,قرار رقم 500 لسنة 2026م. يسمح بتداوله واستيراده بموجب قرار وزارة الزراعة رقم 500 لسنة 2026م.
Flumioxazin,103361-09-7,يتطلب مراجعة علمية مسبقة,Yellow,قرار رقم 500 لسنة 2026م. مسموح مؤقتاً بشرط توفر إذن استيراد مسبق ومراجعة علمية قبل الاستيراد (قرار 500 لسنة 2026م).
Fluometuron,2164-17-2,يتطلب تقييم مخاطر محلياً,Orange,قرار رقم 500 لسنة 2026م. مسموح مؤقتاً بشرط توفر إذن استيراد مسبق وتقييم مخاطر محلياً (قرار 500 لسنة 2026م).
Fluopicolide,239110-15-7,مسموح ومسجل (مؤقتاً),Green,قرار رقم 500 لسنة 2026م. يسمح بتداوله واستيراده بموجب قرار وزارة الزراعة رقم 500 لسنة 2026م.
Fluopyram,658066-35-4,مسموح ومسجل (مؤقتاً),Green,قرار رقم 500 لسنة 2026م. يسمح بتداوله واستيراده بموجب قرار وزارة الزراعة رقم 500 لسنة 2026م.
Fluoxastrobin,361377-29-9,مسموح ومسجل (مؤقتاً),Green,قرار رقم 500 لسنة 2026م. يسمح بتداوله واستيراده بموجب قرار وزارة الزراعة رقم 500 لسنة 2026م.
Flupyradifurone,951659-40-8,مسموح ومسجل (مؤقتاً),Green,قرار رقم 500 لسنة 2026م. يسمح بتداوله واستيراده بموجب قرار وزارة الزراعة رقم 500 لسنة 2026م.
Flurochloridone,61213-25-0,يتطلب تقييم مخاطر محلياً,Orange,قرار رقم 500 لسنة 2026م. مسموح مؤقتاً بشرط توفر إذن استيراد مسبق وتقييم مخاطر محلياً (قرار 500 لسنة 2026م).
Fluroxypyr,69377-81-7,مسموح ومسجل (مؤقتاً),Green,قرار رقم 500 لسنة 2026م. يسمح بتداوله واستيراده بموجب قرار وزارة الزراعة رقم 500 لسنة 2026م.
Flutianil,958647-10-4,مسموح ومسجل (مؤقتاً),Green,قرار رقم 500 لسنة 2026م. يسمح بتداوله واستيراده بموجب قرار وزارة الزراعة رقم 500 لسنة 2026م.
Flutolanil,66332-96-5,مسموح ومسجل (مؤقتاً),Green,قرار رقم 500 لسنة 2026م. يسمح بتداوله واستيراده بموجب قرار وزارة الزراعة رقم 500 لسنة 2026م.
Fluxapyroxad,907204-31-3,مسموح ومسجل (مؤقتاً),Green,قرار رقم 500 لسنة 2026م. يسمح بتداوله واستيراده بموجب قرار وزارة الزراعة رقم 500 لسنة 2026م.
Folpet,133-07-3,يتطلب مراجعة علمية مسبقة,Yellow,قرار رقم 500 لسنة 2026م. مسموح مؤقتاً بشرط توفر إذن استيراد مسبق ومراجعة علمية قبل الاستيراد (قرار 500 لسنة 2026م).
Foramsulfuron,173159-57-4,مسموح ومسجل (مؤقتاً),Green,قرار رقم 500 لسنة 2026م. يسمح بتداوله واستيراده بموجب قرار وزارة الزراعة رقم 500 لسنة 2026م.
Forchlorfenuron,68157-60-8,مسموح ومسجل (مؤقتاً),Green,قرار رقم 500 لسنة 2026م. يسمح بتداوله واستيراده بموجب قرار وزارة الزراعة رقم 500 لسنة 2026م.
Formetanate,23422-53-9,يتطلب مراجعة علمية مسبقة,Yellow,قرار رقم 500 لسنة 2026م. مسموح مؤقتاً بشرط توفر إذن استيراد مسبق ومراجعة علمية قبل الاستيراد (قرار 500 لسنة 2026م).
Fosetyl,15845-66-6,مسموح ومسجل (مؤقتاً),Green,قرار رقم 500 لسنة 2026م. يسمح بتداوله واستيراده بموجب قرار وزارة الزراعة رقم 500 لسنة 2026م.
Fosthiazate,98886-44-3,مسموح ومسجل (مؤقتاً),Green,قرار رقم 500 لسنة 2026م. يسمح بتداوله واستيراده بموجب قرار وزارة الزراعة رقم 500 لسنة 2026م.
Fructose,57-48-7,يتطلب مراجعة علمية مسبقة,Yellow,قرار رقم 500 لسنة 2026م. مسموح مؤقتاً بشرط توفر إذن استيراد مسبق ومراجعة علمية قبل الاستيراد (قرار 500 لسنة 2026م).
Garlic extract,No CAS allocated,مسموح ومسجل (مؤقتاً),Green,قرار رقم 500 لسنة 2026م. يسمح بتداوله واستيراده بموجب قرار وزارة الزراعة رقم 500 لسنة 2026م.
Geraniol,106-24-1,مسموح ومسجل (مؤقتاً),Green,قرار رقم 500 لسنة 2026م. يسمح بتداوله واستيراده بموجب قرار وزارة الزراعة رقم 500 لسنة 2026م.
Gibberellic acid,77-06-5,مسموح ومسجل (مؤقتاً),Green,قرار رقم 500 لسنة 2026م. يسمح بتداوله واستيراده بموجب قرار وزارة الزراعة رقم 500 لسنة 2026م.
Gibberellins,several - see remark,مسموح ومسجل (مؤقتاً),Green,قرار رقم 500 لسنة 2026م. يسمح بتداوله واستيراده بموجب قرار وزارة الزراعة رقم 500 لسنة 2026م.
Glyphosate,1071-83-6,يتطلب مراجعة علمية مسبقة,Yellow,قرار رقم 500 لسنة 2026م. مسموح مؤقتاً بشرط توفر إذن استيراد مسبق ومراجعة علمية قبل الاستيراد (قرار 500 لسنة 2026م).
Halauxifen-methyl,943831-98-9,مسموح ومسجل (مؤقتاً),Green,قرار رقم 500 لسنة 2026م. يسمح بتداوله واستيراده بموجب قرار وزارة الزراعة رقم 500 لسنة 2026م.
Halosulfuron-methyl,100784-20-1,مسموح ومسجل (مؤقتاً),Green,قرار رقم 500 لسنة 2026م. يسمح بتداوله واستيراده بموجب قرار وزارة الزراعة رقم 500 لسنة 2026م.
Helicoverpa armigera nucleopolyhedrovirus (HearNPV),No CAS allocated,مسموح ومسجل (مؤقتاً),Green,قرار رقم 500 لسنة 2026م. يسمح بتداوله واستيراده بموجب قرار وزارة الزراعة رقم 500 لسنة 2026م.
Heptamaloxyloglucan,870721-81-6,يتطلب تقييم مخاطر محلياً,Orange,قرار رقم 500 لسنة 2026م. مسموح مؤقتاً بشرط توفر إذن استيراد مسبق وتقييم مخاطر محلياً (قرار 500 لسنة 2026م).
Hexadecyl acetate (SCLP Acetates),629-70-9,يتطلب مراجعة علمية مسبقة,Yellow,قرار رقم 500 لسنة 2026م. مسموح مؤقتاً بشرط توفر إذن استيراد مسبق ومراجعة علمية قبل الاستيراد (قرار 500 لسنة 2026م).
Hexythiazox,78587-05-0,مسموح ومسجل (مؤقتاً),Green,قرار رقم 500 لسنة 2026م. يسمح بتداوله واستيراده بموجب قرار وزارة الزراعة رقم 500 لسنة 2026م.
Hydrogen peroxide,7722-84-1,يتطلب مراجعة علمية مسبقة,Yellow,قرار رقم 500 لسنة 2026م. مسموح مؤقتاً بشرط توفر إذن استيراد مسبق ومراجعة علمية قبل الاستيراد (قرار 500 لسنة 2026م).
Hydrolysed proteins,No CAS allocated,يتطلب تقييم مخاطر محلياً,Orange,قرار رقم 500 لسنة 2026م. مسموح مؤقتاً بشرط توفر إذن استيراد مسبق وتقييم مخاطر محلياً (قرار 500 لسنة 2026م).
Hymexazol,10004-44-1,مسموح ومسجل (مؤقتاً),Green,قرار رقم 500 لسنة 2026م. يسمح بتداوله واستيراده بموجب قرار وزارة الزراعة رقم 500 لسنة 2026م.
Imazalil (aka enilconazole),35554-44-0,مسموح ومسجل (مؤقتاً),Green,قرار رقم 500 لسنة 2026م. يسمح بتداوله واستيراده بموجب قرار وزارة الزراعة رقم 500 لسنة 2026م.
Imazamox,114311-32-9,مسموح ومسجل (مؤقتاً),Green,قرار رقم 500 لسنة 2026م. يسمح بتداوله واستيراده بموجب قرار وزارة الزراعة رقم 500 لسنة 2026م.
Indolylbutyric acid,133-32-4,يتطلب مراجعة علمية مسبقة,Yellow,قرار رقم 500 لسنة 2026م. مسموح مؤقتاً بشرط توفر إذن استيراد مسبق ومراجعة علمية قبل الاستيراد (قرار 500 لسنة 2026م).
Iodosulfuron,185119-76-0,يتطلب مراجعة علمية مسبقة,Yellow,قرار رقم 500 لسنة 2026م. مسموح مؤقتاً بشرط توفر إذن استيراد مسبق ومراجعة علمية قبل الاستيراد (قرار 500 لسنة 2026م).
Iprovalicarb,140923-17-7,مسموح ومسجل (مؤقتاً),Green,قرار رقم 500 لسنة 2026م. يسمح بتداوله واستيراده بموجب قرار وزارة الزراعة رقم 500 لسنة 2026م.
Iron sulphate (EPA Ferrous Sulfate),see remark,يتطلب مراجعة علمية مسبقة,Yellow,قرار رقم 500 لسنة 2026م. مسموح مؤقتاً بشرط توفر إذن استيراد مسبق ومراجعة علمية قبل الاستيراد (قرار 500 لسنة 2026م).
Isaria fumosorosea Apopka strain 97 (formerly Paecilomyces fumosoroseus),No CAS allocated,يتطلب مراجعة علمية مسبقة,Yellow,قرار رقم 500 لسنة 2026م. مسموح مؤقتاً بشرط توفر إذن استيراد مسبق ومراجعة علمية قبل الاستيراد (قرار 500 لسنة 2026م).
Isofetamid,875915-78-9,يتطلب مراجعة علمية مسبقة,Yellow,قرار رقم 500 لسنة 2026م. مسموح مؤقتاً بشرط توفر إذن استيراد مسبق ومراجعة علمية قبل الاستيراد (قرار 500 لسنة 2026م).
Isoxaben,82558-50-7,مسموح ومسجل (مؤقتاً),Green,قرار رقم 500 لسنة 2026م. يسمح بتداوله واستيراده بموجب قرار وزارة الزراعة رقم 500 لسنة 2026م.
Isoxaflutole,141112-29-0,مسموح ومسجل (مؤقتاً),Green,قرار رقم 500 لسنة 2026م. يسمح بتداوله واستيراده بموجب قرار وزارة الزراعة رقم 500 لسنة 2026م.
Kieselgur (diatomaceous earth),61790-53-2,يتطلب تقييم مخاطر محلياً,Orange,قرار رقم 500 لسنة 2026م. مسموح مؤقتاً بشرط توفر إذن استيراد مسبق وتقييم مخاطر محلياً (قرار 500 لسنة 2026م).
Kresoxim-methyl,143390-89-0,مسموح ومسجل (مؤقتاً),Green,قرار رقم 500 لسنة 2026م. يسمح بتداوله واستيراده بموجب قرار وزارة الزراعة رقم 500 لسنة 2026م.
L-cysteine,see remark,يتطلب مراجعة علمية مسبقة,Yellow,قرار رقم 500 لسنة 2026م. مسموح مؤقتاً بشرط توفر إذن استيراد مسبق ومراجعة علمية قبل الاستيراد (قرار 500 لسنة 2026م).
Laminarin,9008-22-4,مسموح ومسجل (مؤقتاً),Green,قرار رقم 500 لسنة 2026م. يسمح بتداوله واستيراده بموجب قرار وزارة الزراعة رقم 500 لسنة 2026م.
Lavandulyl senecioate,23960-07-8,يتطلب مراجعة علمية مسبقة,Yellow,قرار رقم 500 لسنة 2026م. مسموح مؤقتاً بشرط توفر إذن استيراد مسبق ومراجعة علمية قبل الاستيراد (قرار 500 لسنة 2026م).
Lecithins (basic substance),8002-43-5,يتطلب مراجعة علمية مسبقة,Yellow,قرار رقم 500 لسنة 2026م. مسموح مؤقتاً بشرط توفر إذن استيراد مسبق ومراجعة علمية قبل الاستيراد (قرار 500 لسنة 2026م).
Lenacil,2164-08-1,مسموح ومسجل (مؤقتاً),Green,قرار رقم 500 لسنة 2026م. يسمح بتداوله واستيراده بموجب قرار وزارة الزراعة رقم 500 لسنة 2026م.
Lime sulphur (calcium polysulphid),1344-81-6,يتطلب مراجعة علمية مسبقة,Yellow,قرار رقم 500 لسنة 2026م. مسموح مؤقتاً بشرط توفر إذن استيراد مسبق ومراجعة علمية قبل الاستيراد (قرار 500 لسنة 2026م).
Limestone,1317-65-3,يتطلب تقييم مخاطر محلياً,Orange,قرار رقم 500 لسنة 2026م. مسموح مؤقتاً بشرط توفر إذن استيراد مسبق وتقييم مخاطر محلياً (قرار 500 لسنة 2026م).
Lysate of Willaertia magna,No CAS allocated,يتطلب تقييم مخاطر محلياً,Orange,قرار رقم 500 لسنة 2026م. مسموح مؤقتاً بشرط توفر إذن استيراد مسبق وتقييم مخاطر محلياً (قرار 500 لسنة 2026م).
MCPA,see remark,مسموح ومسجل (مؤقتاً),Green,قرار رقم 500 لسنة 2026م. يسمح بتداوله واستيراده بموجب قرار وزارة الزراعة رقم 500 لسنة 2026م.
MCPB,94-81-5,يتطلب مراجعة علمية مسبقة,Yellow,قرار رقم 500 لسنة 2026م. مسموح مؤقتاً بشرط توفر إذن استيراد مسبق ومراجعة علمية قبل الاستيراد (قرار 500 لسنة 2026م).
Magnesium hydroxide E528,1309-42-8,يتطلب تقييم مخاطر محلياً,Orange,قرار رقم 500 لسنة 2026م. مسموح مؤقتاً بشرط توفر إذن استيراد مسبق وتقييم مخاطر محلياً (قرار 500 لسنة 2026م).
Magnesium phosphide,12057-74-8,مسموح ومسجل (مؤقتاً),Green,قرار رقم 500 لسنة 2026م. يسمح بتداوله واستيراده بموجب قرار وزارة الزراعة رقم 500 لسنة 2026م.
Malathion,121-75-5,يتطلب مراجعة علمية مسبقة,Yellow,قرار رقم 500 لسنة 2026م. مسموح مؤقتاً بشرط توفر إذن استيراد مسبق ومراجعة علمية قبل الاستيراد (قرار 500 لسنة 2026م).
Maleic hydrazide,123-33-1,يتطلب مراجعة علمية مسبقة,Yellow,قرار رقم 500 لسنة 2026م. مسموح مؤقتاً بشرط توفر إذن استيراد مسبق ومراجعة علمية قبل الاستيراد (قرار 500 لسنة 2026م).
Maltodextrin,9050-36-6,يتطلب تقييم مخاطر محلياً,Orange,قرار رقم 500 لسنة 2026م. مسموح مؤقتاً بشرط توفر إذن استيراد مسبق وتقييم مخاطر محلياً (قرار 500 لسنة 2026م).
Mandestrobin,173662-97-0,يتطلب تقييم مخاطر محلياً,Orange,قرار رقم 500 لسنة 2026م. مسموح مؤقتاً بشرط توفر إذن استيراد مسبق وتقييم مخاطر محلياً (قرار 500 لسنة 2026م).
Mandipropamid,374726-22-2,مسموح ومسجل (مؤقتاً),Green,قرار رقم 500 لسنة 2026م. يسمح بتداوله واستيراده بموجب قرار وزارة الزراعة رقم 500 لسنة 2026م.
Mecoprop-P,16484-77-8,يتطلب تقييم مخاطر محلياً,Orange,قرار رقم 500 لسنة 2026م. مسموح مؤقتاً بشرط توفر إذن استيراد مسبق وتقييم مخاطر محلياً (قرار 500 لسنة 2026م).
Mefentrifluconazole,1417782-03-6,مسموح ومسجل (مؤقتاً),Green,قرار رقم 500 لسنة 2026م. يسمح بتداوله واستيراده بموجب قرار وزارة الزراعة رقم 500 لسنة 2026م.
Mepiquat,15302-91-7,يتطلب مراجعة علمية مسبقة,Yellow,قرار رقم 500 لسنة 2026م. مسموح مؤقتاً بشرط توفر إذن استيراد مسبق ومراجعة علمية قبل الاستيراد (قرار 500 لسنة 2026م).
Mesosulfuron,400852-66-6,مسموح ومسجل (مؤقتاً),Green,قرار رقم 500 لسنة 2026م. يسمح بتداوله واستيراده بموجب قرار وزارة الزراعة رقم 500 لسنة 2026م.
Mesotrione,104206-8,مسموح ومسجل (مؤقتاً),Green,قرار رقم 500 لسنة 2026م. يسمح بتداوله واستيراده بموجب قرار وزارة الزراعة رقم 500 لسنة 2026م.
Metalaxyl,57837-19-1,مسموح ومسجل (مؤقتاً),Green,قرار رقم 500 لسنة 2026م. يسمح بتداوله واستيراده بموجب قرار وزارة الزراعة رقم 500 لسنة 2026م.
Metalaxyl-M,70630-17-0 (R),مسموح ومسجل (مؤقتاً),Green,قرار رقم 500 لسنة 2026م. يسمح بتداوله واستيراده بموجب قرار وزارة الزراعة رقم 500 لسنة 2026م.
Metaldehyde,see remark,مسموح ومسجل (مؤقتاً),Green,قرار رقم 500 لسنة 2026م. يسمح بتداوله واستيراده بموجب قرار وزارة الزراعة رقم 500 لسنة 2026م.
Metam (incl. -potassium and -sodium),144-54-7,يتطلب تقييم مخاطر محلياً,Orange,قرار رقم 500 لسنة 2026م. مسموح مؤقتاً بشرط توفر إذن استيراد مسبق وتقييم مخاطر محلياً (قرار 500 لسنة 2026م).
Metamitron,41394-05-2,مسموح ومسجل (مؤقتاً),Green,قرار رقم 500 لسنة 2026م. يسمح بتداوله واستيراده بموجب قرار وزارة الزراعة رقم 500 لسنة 2026م.
Metarhizium brunneum strain Ma 43 (formerly Metarhizium anisopliae var anisopliae),No CAS allocated,يتطلب تقييم مخاطر محلياً,Orange,قرار رقم 500 لسنة 2026م. مسموح مؤقتاً بشرط توفر إذن استيراد مسبق وتقييم مخاطر محلياً (قرار 500 لسنة 2026م).
Metazachlor,67129-08-2,يتطلب مراجعة علمية مسبقة,Yellow,قرار رقم 500 لسنة 2026م. مسموح مؤقتاً بشرط توفر إذن استيراد مسبق ومراجعة علمية قبل الاستيراد (قرار 500 لسنة 2026م).
Metconazole,125116-23-6,مسموح ومسجل (مؤقتاً),Green,قرار رقم 500 لسنة 2026م. يسمح بتداوله واستيراده بموجب قرار وزارة الزراعة رقم 500 لسنة 2026م.
Metobromuron,3060-89-7,يتطلب مراجعة علمية مسبقة,Yellow,قرار رقم 500 لسنة 2026م. مسموح مؤقتاً بشرط توفر إذن استيراد مسبق ومراجعة علمية قبل الاستيراد (قرار 500 لسنة 2026م).
Metrafenone,220899-03-6,مسموح ومسجل (مؤقتاً),Green,قرار رقم 500 لسنة 2026م. يسمح بتداوله واستيراده بموجب قرار وزارة الزراعة رقم 500 لسنة 2026م.
Metschnikowia fruticola strain NRRL Y-27328,No CAS allocated,يتطلب مراجعة علمية مسبقة,Yellow,قرار رقم 500 لسنة 2026م. مسموح مؤقتاً بشرط توفر إذن استيراد مسبق ومراجعة علمية قبل الاستيراد (قرار 500 لسنة 2026م).
Metsulfuron-methyl,74223-64-6,مسموح ومسجل (مؤقتاً),Green,قرار رقم 500 لسنة 2026م. يسمح بتداوله واستيراده بموجب قرار وزارة الزراعة رقم 500 لسنة 2026م.
Milbemectin,See note,يتطلب مراجعة علمية مسبقة,Yellow,قرار رقم 500 لسنة 2026م. مسموح مؤقتاً بشرط توفر إذن استيراد مسبق ومراجعة علمية قبل الاستيراد (قرار 500 لسنة 2026م).
Mild Pepino Mosaic Virus Isolate VC 1,No CAS allocated,مسموح ومسجل (مؤقتاً),Green,قرار رقم 500 لسنة 2026م. يسمح بتداوله واستيراده بموجب قرار وزارة الزراعة رقم 500 لسنة 2026م.
Mild Pepino Mosaic Virus Isolate VX 1,No CAS allocated,مسموح ومسجل (مؤقتاً),Green,قرار رقم 500 لسنة 2026م. يسمح بتداوله واستيراده بموجب قرار وزارة الزراعة رقم 500 لسنة 2026م.
Mustard seeds powder,No CAS allocated,يتطلب مراجعة علمية مسبقة,Yellow,قرار رقم 500 لسنة 2026م. مسموح مؤقتاً بشرط توفر إذن استيراد مسبق ومراجعة علمية قبل الاستيراد (قرار 500 لسنة 2026م).
Napropamide,15299-99-7,يتطلب مراجعة علمية مسبقة,Yellow,قرار رقم 500 لسنة 2026م. مسموح مؤقتاً بشرط توفر إذن استيراد مسبق ومراجعة علمية قبل الاستيراد (قرار 500 لسنة 2026م).
Nicosulfuron,111991-09-4,مسموح ومسجل (مؤقتاً),Green,قرار رقم 500 لسنة 2026م. يسمح بتداوله واستيراده بموجب قرار وزارة الزراعة رقم 500 لسنة 2026م.
Onion oil,No CAS allocated,يتطلب مراجعة علمية مسبقة,Yellow,قرار رقم 500 لسنة 2026م. مسموح مؤقتاً بشرط توفر إذن استيراد مسبق ومراجعة علمية قبل الاستيراد (قرار 500 لسنة 2026م).
Onobrychis viciifolia (sainfoin) dried pellets,No CAS allocated,يتطلب تقييم مخاطر محلياً,Orange,قرار رقم 500 لسنة 2026م. مسموح مؤقتاً بشرط توفر إذن استيراد مسبق وتقييم مخاطر محلياً (قرار 500 لسنة 2026م).
Orange oil,No CAS allocated,مسموح ومسجل (مؤقتاً),Green,قرار رقم 500 لسنة 2026م. يسمح بتداوله واستيراده بموجب قرار وزارة الزراعة رقم 500 لسنة 2026م.
Oxathiapiprolin,1003318-67-9,مسموح ومسجل (مؤقتاً),Green,قرار رقم 500 لسنة 2026م. يسمح بتداوله واستيراده بموجب قرار وزارة الزراعة رقم 500 لسنة 2026م.
Oxyfluorfen,42874-03-3,مسموح ومسجل (مؤقتاً),Green,قرار رقم 500 لسنة 2026م. يسمح بتداوله واستيراده بموجب قرار وزارة الزراعة رقم 500 لسنة 2026م.
Paclobutrazol,76738-62-0,يتطلب مراجعة علمية مسبقة,Yellow,قرار رقم 500 لسنة 2026م. مسموح مؤقتاً بشرط توفر إذن استيراد مسبق ومراجعة علمية قبل الاستيراد (قرار 500 لسنة 2026م).
Paraffin oil/(CAS 72623-86-0),72623-86-0,مسموح ومسجل (مؤقتاً),Green,قرار رقم 500 لسنة 2026م. يسمح بتداوله واستيراده بموجب قرار وزارة الزراعة رقم 500 لسنة 2026م.
Paraffin oil/(CAS 8042-47-5),8042-47-5,يتطلب مراجعة علمية مسبقة,Yellow,قرار رقم 500 لسنة 2026م. مسموح مؤقتاً بشرط توفر إذن استيراد مسبق ومراجعة علمية قبل الاستيراد (قرار 500 لسنة 2026م).
Paraffin oil/(CAS 97862-82-3),97862-82-3,يتطلب مراجعة علمية مسبقة,Yellow,قرار رقم 500 لسنة 2026م. مسموح مؤقتاً بشرط توفر إذن استيراد مسبق ومراجعة علمية قبل الاستيراد (قرار 500 لسنة 2026م).
Pasteuria nishizawae Pn1,No CAS allocated,يتطلب مراجعة علمية مسبقة,Yellow,قرار رقم 500 لسنة 2026م. مسموح مؤقتاً بشرط توفر إذن استيراد مسبق ومراجعة علمية قبل الاستيراد (قرار 500 لسنة 2026م).
Pelargonic acid (CAS 112-05-0),112-05-0,مسموح ومسجل (مؤقتاً),Green,قرار رقم 500 لسنة 2026م. يسمح بتداوله واستيراده بموجب قرار وزارة الزراعة رقم 500 لسنة 2026م.
Penconazole,66246-88-6,مسموح ومسجل (مؤقتاً),Green,قرار رقم 500 لسنة 2026م. يسمح بتداوله واستيراده بموجب قرار وزارة الزراعة رقم 500 لسنة 2026م.
Pendimethalin,40487-42-1,مسموح ومسجل (مؤقتاً),Green,قرار رقم 500 لسنة 2026م. يسمح بتداوله واستيراده بموجب قرار وزارة الزراعة رقم 500 لسنة 2026م.
Penoxsulam,219714-96-2,مسموح ومسجل (مؤقتاً),Green,قرار رقم 500 لسنة 2026م. يسمح بتداوله واستيراده بموجب قرار وزارة الزراعة رقم 500 لسنة 2026م.
"Pepino mosaic virus (PepMV) Chilean (CH2) strain, mild isolate Abp2 (PEPMVO)",No CAS allocated,يتطلب تقييم مخاطر محلياً,Orange,قرار رقم 500 لسنة 2026م. مسموح مؤقتاً بشرط توفر إذن استيراد مسبق وتقييم مخاطر محلياً (قرار 500 لسنة 2026م).
"Pepino mosaic virus (PepMV) European (EU) strain, mild isolate Abp1 (PEPMVO)",No CAS allocated,يتطلب تقييم مخاطر محلياً,Orange,قرار رقم 500 لسنة 2026م. مسموح مؤقتاً بشرط توفر إذن استيراد مسبق وتقييم مخاطر محلياً (قرار 500 لسنة 2026م).
Pepino mosaic virus strain CH2 isolate 1906,No CAS allocated,يتطلب مراجعة علمية مسبقة,Yellow,قرار رقم 500 لسنة 2026م. مسموح مؤقتاً بشرط توفر إذن استيراد مسبق ومراجعة علمية قبل الاستيراد (قرار 500 لسنة 2026م).
Pethoxamid,106700-29-2,مسموح ومسجل (مؤقتاً),Green,قرار رقم 500 لسنة 2026م. يسمح بتداوله واستيراده بموجب قرار وزارة الزراعة رقم 500 لسنة 2026م.
Phenmedipham,13684-63-4,مسموح ومسجل (مؤقتاً),Green,قرار رقم 500 لسنة 2026م. يسمح بتداوله واستيراده بموجب قرار وزارة الزراعة رقم 500 لسنة 2026م.
Phlebiopsis gigantea strain FOC PG 410.3,No CAS allocated,يتطلب تقييم مخاطر محلياً,Orange,قرار رقم 500 لسنة 2026م. مسموح مؤقتاً بشرط توفر إذن استيراد مسبق وتقييم مخاطر محلياً (قرار 500 لسنة 2026م).
Phlebiopsis gigantea strain VRA 1835,No CAS allocated,يتطلب تقييم مخاطر محلياً,Orange,قرار رقم 500 لسنة 2026م. مسموح مؤقتاً بشرط توفر إذن استيراد مسبق وتقييم مخاطر محلياً (قرار 500 لسنة 2026م).
Phlebiopsis gigantea strain VRA 1984,No CAS allocated,يتطلب تقييم مخاطر محلياً,Orange,قرار رقم 500 لسنة 2026م. مسموح مؤقتاً بشرط توفر إذن استيراد مسبق وتقييم مخاطر محلياً (قرار 500 لسنة 2026م).
Phosphane,7803-51-2,مسموح ومسجل (مؤقتاً),Green,قرار رقم 500 لسنة 2026م. يسمح بتداوله واستيراده بموجب قرار وزارة الزراعة رقم 500 لسنة 2026م.
Picloram,1918-02-1,مسموح ومسجل (مؤقتاً),Green,قرار رقم 500 لسنة 2026م. يسمح بتداوله واستيراده بموجب قرار وزارة الزراعة رقم 500 لسنة 2026م.
Picolinafen,137641-05-5,مسموح ومسجل (مؤقتاً),Green,قرار رقم 500 لسنة 2026م. يسمح بتداوله واستيراده بموجب قرار وزارة الزراعة رقم 500 لسنة 2026م.
Pinoxaden,243973-20-8,مسموح ومسجل (مؤقتاً),Green,قرار رقم 500 لسنة 2026م. يسمح بتداوله واستيراده بموجب قرار وزارة الزراعة رقم 500 لسنة 2026م.
Pirimicarb,23103-98-2,مسموح ومسجل (مؤقتاً),Green,قرار رقم 500 لسنة 2026م. يسمح بتداوله واستيراده بموجب قرار وزارة الزراعة رقم 500 لسنة 2026م.
Pirimiphos-methyl,29232-93-7,يتطلب مراجعة علمية مسبقة,Yellow,قرار رقم 500 لسنة 2026م. مسموح مؤقتاً بشرط توفر إذن استيراد مسبق ومراجعة علمية قبل الاستيراد (قرار 500 لسنة 2026م).
Plant oils / Clove oil,84961-50-2,يتطلب مراجعة علمية مسبقة,Yellow,قرار رقم 500 لسنة 2026م. مسموح مؤقتاً بشرط توفر إذن استيراد مسبق ومراجعة علمية قبل الاستيراد (قرار 500 لسنة 2026م).
Plant oils / Spear mint oil,8008-79-5,يتطلب مراجعة علمية مسبقة,Yellow,قرار رقم 500 لسنة 2026م. مسموح مؤقتاً بشرط توفر إذن استيراد مسبق ومراجعة علمية قبل الاستيراد (قرار 500 لسنة 2026م).
Potassium hydrogen carbonate,298-14-6,يتطلب مراجعة علمية مسبقة,Yellow,قرار رقم 500 لسنة 2026م. مسموح مؤقتاً بشرط توفر إذن استيراد مسبق ومراجعة علمية قبل الاستيراد (قرار 500 لسنة 2026م).
Potassium phosphonates (formerly potassium phosphite),see note,يتطلب مراجعة علمية مسبقة,Yellow,قرار رقم 500 لسنة 2026م. مسموح مؤقتاً بشرط توفر إذن استيراد مسبق ومراجعة علمية قبل الاستيراد (قرار 500 لسنة 2026م).
Prohexadione,127277-53-6,مسموح ومسجل (مؤقتاً),Green,قرار رقم 500 لسنة 2026م. يسمح بتداوله واستيراده بموجب قرار وزارة الزراعة رقم 500 لسنة 2026م.
Propamocarb,24579-73-5,مسموح ومسجل (مؤقتاً),Green,قرار رقم 500 لسنة 2026م. يسمح بتداوله واستيراده بموجب قرار وزارة الزراعة رقم 500 لسنة 2026م.
Propaquizafop,111479-05-1,مسموح ومسجل (مؤقتاً),Green,قرار رقم 500 لسنة 2026م. يسمح بتداوله واستيراده بموجب قرار وزارة الزراعة رقم 500 لسنة 2026م.
Propoxycarbazone,145026-81-9,يتطلب مراجعة علمية مسبقة,Yellow,قرار رقم 500 لسنة 2026م. مسموح مؤقتاً بشرط توفر إذن استيراد مسبق ومراجعة علمية قبل الاستيراد (قرار 500 لسنة 2026م).
Propyzamide,23950-58-5,مسموح ومسجل (مؤقتاً),Green,قرار رقم 500 لسنة 2026م. يسمح بتداوله واستيراده بموجب قرار وزارة الزراعة رقم 500 لسنة 2026م.
Proquinazid,189278-12-4,مسموح ومسجل (مؤقتاً),Green,قرار رقم 500 لسنة 2026م. يسمح بتداوله واستيراده بموجب قرار وزارة الزراعة رقم 500 لسنة 2026م.
Prosulfocarb,52888-90-9,مسموح ومسجل (مؤقتاً),Green,قرار رقم 500 لسنة 2026م. يسمح بتداوله واستيراده بموجب قرار وزارة الزراعة رقم 500 لسنة 2026م.
Prosulfuron,94125-34-5,مسموح ومسجل (مؤقتاً),Green,قرار رقم 500 لسنة 2026م. يسمح بتداوله واستيراده بموجب قرار وزارة الزراعة رقم 500 لسنة 2026م.
Prothioconazole,178928-70-6,مسموح ومسجل (مؤقتاً),Green,قرار رقم 500 لسنة 2026م. يسمح بتداوله واستيراده بموجب قرار وزارة الزراعة رقم 500 لسنة 2026م.
Pseudomonas chlororaphis strain MA342,No CAS allocated,يتطلب تقييم مخاطر محلياً,Orange,قرار رقم 500 لسنة 2026م. مسموح مؤقتاً بشرط توفر إذن استيراد مسبق وتقييم مخاطر محلياً (قرار 500 لسنة 2026م).
Pseudomonas sp. Strain DSMZ 13134,No CAS allocated,يتطلب تقييم مخاطر محلياً,Orange,قرار رقم 500 لسنة 2026م. مسموح مؤقتاً بشرط توفر إذن استيراد مسبق وتقييم مخاطر محلياً (قرار 500 لسنة 2026م).
Purpureocillium lilacinum PL 11,No CAS allocated,يتطلب مراجعة علمية مسبقة,Yellow,قرار رقم 500 لسنة 2026م. مسموح مؤقتاً بشرط توفر إذن استيراد مسبق ومراجعة علمية قبل الاستيراد (قرار 500 لسنة 2026م).
Purpureocillium lilacinum strain 251(former Paecilomyces lilacinus strain 251),No CAS allocated,يتطلب تقييم مخاطر محلياً,Orange,قرار رقم 500 لسنة 2026م. مسموح مؤقتاً بشرط توفر إذن استيراد مسبق وتقييم مخاطر محلياً (قرار 500 لسنة 2026م).
Pyraclostrobin,175013-18-0,مسموح ومسجل (مؤقتاً),Green,قرار رقم 500 لسنة 2026م. يسمح بتداوله واستيراده بموجب قرار وزارة الزراعة رقم 500 لسنة 2026م.
Pyraflufen-ethyl,129630-19-9,مسموح ومسجل (مؤقتاً),Green,قرار رقم 500 لسنة 2026م. يسمح بتداوله واستيراده بموجب قرار وزارة الزراعة رقم 500 لسنة 2026م.
Pyrethrins,8003-34-7,يتطلب مراجعة علمية مسبقة,Yellow,قرار رقم 500 لسنة 2026م. مسموح مؤقتاً بشرط توفر إذن استيراد مسبق ومراجعة علمية قبل الاستيراد (قرار 500 لسنة 2026م).
Pyridaben,96489-71-3,مسموح ومسجل (مؤقتاً),Green,قرار رقم 500 لسنة 2026م. يسمح بتداوله واستيراده بموجب قرار وزارة الزراعة رقم 500 لسنة 2026م.
Pyridate,55512-33-9,مسموح ومسجل (مؤقتاً),Green,قرار رقم 500 لسنة 2026م. يسمح بتداوله واستيراده بموجب قرار وزارة الزراعة رقم 500 لسنة 2026م.
Pyrimethanil,53112-28-0,مسموح ومسجل (مؤقتاً),Green,قرار رقم 500 لسنة 2026م. يسمح بتداوله واستيراده بموجب قرار وزارة الزراعة رقم 500 لسنة 2026م.
Pyriofenone,688046-61-9,مسموح ومسجل (مؤقتاً),Green,قرار رقم 500 لسنة 2026م. يسمح بتداوله واستيراده بموجب قرار وزارة الزراعة رقم 500 لسنة 2026م.
Pyriproxyfen,95737-68-1,مسموح ومسجل (مؤقتاً),Green,قرار رقم 500 لسنة 2026م. يسمح بتداوله واستيراده بموجب قرار وزارة الزراعة رقم 500 لسنة 2026م.
Pyroxsulam,422556-08-9,مسموح ومسجل (مؤقتاً),Green,قرار رقم 500 لسنة 2026م. يسمح بتداوله واستيراده بموجب قرار وزارة الزراعة رقم 500 لسنة 2026م.
Pythium oligandrum strain B301,No CAS allocated,يتطلب تقييم مخاطر محلياً,Orange,قرار رقم 500 لسنة 2026م. مسموح مؤقتاً بشرط توفر إذن استيراد مسبق وتقييم مخاطر محلياً (قرار 500 لسنة 2026م).
Pythium oligandrum strain M1,No CAS allocated,يتطلب تقييم مخاطر محلياً,Orange,قرار رقم 500 لسنة 2026م. مسموح مؤقتاً بشرط توفر إذن استيراد مسبق وتقييم مخاطر محلياً (قرار 500 لسنة 2026م).
Quartz sand,No CAS allocated,يتطلب تقييم مخاطر محلياً,Orange,قرار رقم 500 لسنة 2026م. مسموح مؤقتاً بشرط توفر إذن استيراد مسبق وتقييم مخاطر محلياً (قرار 500 لسنة 2026م).
Quinmerac,90717-03-6,مسموح ومسجل (مؤقتاً),Green,قرار رقم 500 لسنة 2026م. يسمح بتداوله واستيراده بموجب قرار وزارة الزراعة رقم 500 لسنة 2026م.
Quinolin-8-ol,148-24-3,يتطلب تقييم مخاطر محلياً,Orange,قرار رقم 500 لسنة 2026م. مسموح مؤقتاً بشرط توفر إذن استيراد مسبق وتقييم مخاطر محلياً (قرار 500 لسنة 2026م).
Quizalofop-P,see notes,يتطلب تقييم مخاطر محلياً,Orange,قرار رقم 500 لسنة 2026م. مسموح مؤقتاً بشرط توفر إذن استيراد مسبق وتقييم مخاطر محلياً (قرار 500 لسنة 2026م).
Quizalofop-P-ethyl,100646-51-3,مسموح ومسجل (مؤقتاً),Green,قرار رقم 500 لسنة 2026م. يسمح بتداوله واستيراده بموجب قرار وزارة الزراعة رقم 500 لسنة 2026م.
Quizalofop-P-tefuryl,No CAS allocated,مسموح ومسجل (مؤقتاً),Green,قرار رقم 500 لسنة 2026م. يسمح بتداوله واستيراده بموجب قرار وزارة الزراعة رقم 500 لسنة 2026م.
Rape seed oil,8002-13-9,يتطلب مراجعة علمية مسبقة,Yellow,قرار رقم 500 لسنة 2026م. مسموح مؤقتاً بشرط توفر إذن استيراد مسبق ومراجعة علمية قبل الاستيراد (قرار 500 لسنة 2026م).
Repellents by smell of animal or plant origin/ fish oil,8016-13-5,يتطلب تقييم مخاطر محلياً,Orange,قرار رقم 500 لسنة 2026م. مسموح مؤقتاً بشرط توفر إذن استيراد مسبق وتقييم مخاطر محلياً (قرار 500 لسنة 2026م).
Repellents by smell of animal or plant origin/ sheep fat,98999-15-6,يتطلب مراجعة علمية مسبقة,Yellow,قرار رقم 500 لسنة 2026م. مسموح مؤقتاً بشرط توفر إذن استيراد مسبق ومراجعة علمية قبل الاستيراد (قرار 500 لسنة 2026م).
Rescalure,67601-06-3,يتطلب تقييم مخاطر محلياً,Orange,قرار رقم 500 لسنة 2026م. مسموح مؤقتاً بشرط توفر إذن استيراد مسبق وتقييم مخاطر محلياً (قرار 500 لسنة 2026م).
Rimsulfuron (aka renriduron),No CAS allocated,يتطلب مراجعة علمية مسبقة,Yellow,قرار رقم 500 لسنة 2026م. مسموح مؤقتاً بشرط توفر إذن استيراد مسبق ومراجعة علمية قبل الاستيراد (قرار 500 لسنة 2026م).
Salix spp. cortex,No CAS allocated,يتطلب تقييم مخاطر محلياً,Orange,قرار رقم 500 لسنة 2026م. مسموح مؤقتاً بشرط توفر إذن استيراد مسبق وتقييم مخاطر محلياً (قرار 500 لسنة 2026م).
Sedaxane,874967-67-6,مسموح ومسجل (مؤقتاً),Green,قرار رقم 500 لسنة 2026م. يسمح بتداوله واستيراده بموجب قرار وزارة الزراعة رقم 500 لسنة 2026م.
Silthiofam,175217-20-6,يتطلب تقييم مخاطر محلياً,Orange,قرار رقم 500 لسنة 2026م. مسموح مؤقتاً بشرط توفر إذن استيراد مسبق وتقييم مخاطر محلياً (قرار 500 لسنة 2026م).
Sintofen (aka Cintofen),130561-48-7,يتطلب تقييم مخاطر محلياً,Orange,قرار رقم 500 لسنة 2026م. مسموح مؤقتاً بشرط توفر إذن استيراد مسبق وتقييم مخاطر محلياً (قرار 500 لسنة 2026م).
Sodium 5-nitroguaiacolate,67233-85-6,يتطلب تقييم مخاطر محلياً,Orange,قرار رقم 500 لسنة 2026م. مسموح مؤقتاً بشرط توفر إذن استيراد مسبق وتقييم مخاطر محلياً (قرار 500 لسنة 2026م).
Sodium chloride,7647-14-5,يتطلب مراجعة علمية مسبقة,Yellow,قرار رقم 500 لسنة 2026م. مسموح مؤقتاً بشرط توفر إذن استيراد مسبق ومراجعة علمية قبل الاستيراد (قرار 500 لسنة 2026م).
Sodium hydrogen carbonate (basic substance),144-55-8,يتطلب مراجعة علمية مسبقة,Yellow,قرار رقم 500 لسنة 2026م. مسموح مؤقتاً بشرط توفر إذن استيراد مسبق ومراجعة علمية قبل الاستيراد (قرار 500 لسنة 2026م).
Sodium hydrogen carbonate (low risk active substance),144-55-8,يتطلب مراجعة علمية مسبقة,Yellow,قرار رقم 500 لسنة 2026م. مسموح مؤقتاً بشرط توفر إذن استيراد مسبق ومراجعة علمية قبل الاستيراد (قرار 500 لسنة 2026م).
Sodium o-nitrophenolate,824-39-5,يتطلب تقييم مخاطر محلياً,Orange,قرار رقم 500 لسنة 2026م. مسموح مؤقتاً بشرط توفر إذن استيراد مسبق وتقييم مخاطر محلياً (قرار 500 لسنة 2026م).
Sodium p-nitrophenolate,824-78-2,يتطلب تقييم مخاطر محلياً,Orange,قرار رقم 500 لسنة 2026م. مسموح مؤقتاً بشرط توفر إذن استيراد مسبق وتقييم مخاطر محلياً (قرار 500 لسنة 2026م).
Sodium silver thiosulfate,see remark,يتطلب تقييم مخاطر محلياً,Orange,قرار رقم 500 لسنة 2026م. مسموح مؤقتاً بشرط توفر إذن استيراد مسبق وتقييم مخاطر محلياً (قرار 500 لسنة 2026م).
Spinosad,168316-95-8,مسموح ومسجل (مؤقتاً),Green,قرار رقم 500 لسنة 2026م. يسمح بتداوله واستيراده بموجب قرار وزارة الزراعة رقم 500 لسنة 2026م.
Spiroxamine,118134-30-8,مسموح ومسجل (مؤقتاً),Green,قرار رقم 500 لسنة 2026م. يسمح بتداوله واستيراده بموجب قرار وزارة الزراعة رقم 500 لسنة 2026م.
"Spodoptera exigua multicapsid nucleopolyhedrovirus (SeMNPV), Isolate BV-0004",No CAS allocated,يتطلب تقييم مخاطر محلياً,Orange,قرار رقم 500 لسنة 2026م. مسموح مؤقتاً بشرط توفر إذن استيراد مسبق وتقييم مخاطر محلياً (قرار 500 لسنة 2026م).
Spodoptera littoralis nucleopolyhedrovirus (SpliNPV),No CAS allocated,يتطلب مراجعة علمية مسبقة,Yellow,قرار رقم 500 لسنة 2026م. مسموح مؤقتاً بشرط توفر إذن استيراد مسبق ومراجعة علمية قبل الاستيراد (قرار 500 لسنة 2026م).
Straight Chain Lepidopteran Pheromones (SCLPs) - Acetates,No unique CAS,يتطلب مراجعة علمية مسبقة,Yellow,قرار رقم 500 لسنة 2026م. مسموح مؤقتاً بشرط توفر إذن استيراد مسبق ومراجعة علمية قبل الاستيراد (قرار 500 لسنة 2026م).
Straight Chain Lepidopteran Pheromones (SCLPs) - Alcohols,No unique CAS,يتطلب مراجعة علمية مسبقة,Yellow,قرار رقم 500 لسنة 2026م. مسموح مؤقتاً بشرط توفر إذن استيراد مسبق ومراجعة علمية قبل الاستيراد (قرار 500 لسنة 2026م).
Straight Chain Lepidopteran Pheromones (SCLPs) - Aldehydes,No unique CAS,يتطلب مراجعة علمية مسبقة,Yellow,قرار رقم 500 لسنة 2026م. مسموح مؤقتاً بشرط توفر إذن استيراد مسبق ومراجعة علمية قبل الاستيراد (قرار 500 لسنة 2026م).
Streptomyces lydicus strain WYEC 108,No CAS allocated,يتطلب تقييم مخاطر محلياً,Orange,قرار رقم 500 لسنة 2026م. مسموح مؤقتاً بشرط توفر إذن استيراد مسبق وتقييم مخاطر محلياً (قرار 500 لسنة 2026م).
Streptomyces strain K61 (formerly S. griseoviridis),No CAS allocated,يتطلب تقييم مخاطر محلياً,Orange,قرار رقم 500 لسنة 2026م. مسموح مؤقتاً بشرط توفر إذن استيراد مسبق وتقييم مخاطر محلياً (قرار 500 لسنة 2026م).
Sucrose,57-50-1,يتطلب مراجعة علمية مسبقة,Yellow,قرار رقم 500 لسنة 2026م. مسموح مؤقتاً بشرط توفر إذن استيراد مسبق ومراجعة علمية قبل الاستيراد (قرار 500 لسنة 2026م).
Sulcotrione,99105-77-8,يتطلب تقييم مخاطر محلياً,Orange,قرار رقم 500 لسنة 2026م. مسموح مؤقتاً بشرط توفر إذن استيراد مسبق وتقييم مخاطر محلياً (قرار 500 لسنة 2026م).
Sulfosulfuron,141776-32-1,مسموح ومسجل (مؤقتاً),Green,قرار رقم 500 لسنة 2026م. يسمح بتداوله واستيراده بموجب قرار وزارة الزراعة رقم 500 لسنة 2026م.
Sulfoxaflor,946578-00-3,مسموح ومسجل (مؤقتاً),Green,قرار رقم 500 لسنة 2026م. يسمح بتداوله واستيراده بموجب قرار وزارة الزراعة رقم 500 لسنة 2026م.
Sulfuryl fluoride,2699-79-8,مسموح ومسجل (مؤقتاً),Green,قرار رقم 500 لسنة 2026م. يسمح بتداوله واستيراده بموجب قرار وزارة الزراعة رقم 500 لسنة 2026م.
Sulphur,No CAS allocated,مسموح ومسجل (مؤقتاً),Green,قرار رقم 500 لسنة 2026م. يسمح بتداوله واستيراده بموجب قرار وزارة الزراعة رقم 500 لسنة 2026م.
Sunflower oil,No CAS allocated,مسموح ومسجل (مؤقتاً),Green,قرار رقم 500 لسنة 2026م. يسمح بتداوله واستيراده بموجب قرار وزارة الزراعة رقم 500 لسنة 2026م.
Talc E553B,14807-96-6,مسموح ومسجل (مؤقتاً),Green,قرار رقم 500 لسنة 2026م. يسمح بتداوله واستيراده بموجب قرار وزارة الزراعة رقم 500 لسنة 2026م.
Tebuconazole,107534-96-3,مسموح ومسجل (مؤقتاً),Green,قرار رقم 500 لسنة 2026م. يسمح بتداوله واستيراده بموجب قرار وزارة الزراعة رقم 500 لسنة 2026م.
Tebufenozide,112410-23-8,مسموح ومسجل (مؤقتاً),Green,قرار رقم 500 لسنة 2026م. يسمح بتداوله واستيراده بموجب قرار وزارة الزراعة رقم 500 لسنة 2026م.
Tembotrione,335104-84-2,مسموح ومسجل (مؤقتاً),Green,قرار رقم 500 لسنة 2026م. يسمح بتداوله واستيراده بموجب قرار وزارة الزراعة رقم 500 لسنة 2026م.
Terbuthylazine,5915-41-3,مسموح ومسجل (مؤقتاً),Green,قرار رقم 500 لسنة 2026م. يسمح بتداوله واستيراده بموجب قرار وزارة الزراعة رقم 500 لسنة 2026م.
Tetraconazole,112281-77-3,مسموح ومسجل (مؤقتاً),Green,قرار رقم 500 لسنة 2026م. يسمح بتداوله واستيراده بموجب قرار وزارة الزراعة رقم 500 لسنة 2026م.
Tetradecan-1-ol (SCLP Alcohols),63393-82-8,يتطلب مراجعة علمية مسبقة,Yellow,قرار رقم 500 لسنة 2026م. مسموح مؤقتاً بشرط توفر إذن استيراد مسبق ومراجعة علمية قبل الاستيراد (قرار 500 لسنة 2026م).
Thiabendazole,148-79-8,مسموح ومسجل (مؤقتاً),Green,قرار رقم 500 لسنة 2026م. يسمح بتداوله واستيراده بموجب قرار وزارة الزراعة رقم 500 لسنة 2026م.
Thiencarbazone-methyl,317815-83-1,مسموح ومسجل (مؤقتاً),Green,قرار رقم 500 لسنة 2026م. يسمح بتداوله واستيراده بموجب قرار وزارة الزراعة رقم 500 لسنة 2026م.
Thifensulfuron-methyl,79277-27-3,مسموح ومسجل (مؤقتاً),Green,قرار رقم 500 لسنة 2026م. يسمح بتداوله واستيراده بموجب قرار وزارة الزراعة رقم 500 لسنة 2026م.
Thymol,89-83-8,مسموح ومسجل (مؤقتاً),Green,قرار رقم 500 لسنة 2026م. يسمح بتداوله واستيراده بموجب قرار وزارة الزراعة رقم 500 لسنة 2026م.
Tolclofos-methyl,57018-04-9,مسموح ومسجل (مؤقتاً),Green,قرار رقم 500 لسنة 2026م. يسمح بتداوله واستيراده بموجب قرار وزارة الزراعة رقم 500 لسنة 2026م.
Tri-allate,2303-17-5,مسموح ومسجل (مؤقتاً),Green,قرار رقم 500 لسنة 2026م. يسمح بتداوله واستيراده بموجب قرار وزارة الزراعة رقم 500 لسنة 2026م.
Tribasic copper sulphate,12527-76-3,يتطلب مراجعة علمية مسبقة,Yellow,قرار رقم 500 لسنة 2026م. مسموح مؤقتاً بشرط توفر إذن استيراد مسبق ومراجعة علمية قبل الاستيراد (قرار 500 لسنة 2026م).
Tribenuron (aka metometuron),106040-48-6,مسموح ومسجل (مؤقتاً),Green,قرار رقم 500 لسنة 2026م. يسمح بتداوله واستيراده بموجب قرار وزارة الزراعة رقم 500 لسنة 2026م.
Trichoderma afroharzianum (formerly T. harzianum) strain T-22,No CAS allocated,يتطلب مراجعة علمية مسبقة,Yellow,قرار رقم 500 لسنة 2026م. مسموح مؤقتاً بشرط توفر إذن استيراد مسبق ومراجعة علمية قبل الاستيراد (قرار 500 لسنة 2026م).
Trichoderma afroharzianum (formerly T. harzianum) strain T-22 and atrobrunneum (formerly T. harzianum) strain ITEM 908,No CAS allocated,يتطلب تقييم مخاطر محلياً,Orange,قرار رقم 500 لسنة 2026م. مسموح مؤقتاً بشرط توفر إذن استيراد مسبق وتقييم مخاطر محلياً (قرار 500 لسنة 2026م).
Trichoderma asperellum (formerly T. harzianum) strain ICC012,No CAS allocated,مسموح ومسجل (مؤقتاً),Green,قرار رقم 500 لسنة 2026م. يسمح بتداوله واستيراده بموجب قرار وزارة الزراعة رقم 500 لسنة 2026م.
"Trichoderma asperellum (formerly T. harzianum) strains ICC012, T. asperellum (f. T. viride) T-25 and Trichoderma asperellum (f. T. viride) TV-1",No CAS allocated,يتطلب تقييم مخاطر محلياً,Orange,قرار رقم 500 لسنة 2026م. مسموح مؤقتاً بشرط توفر إذن استيراد مسبق وتقييم مخاطر محلياً (قرار 500 لسنة 2026م).
Trichoderma asperellum (formerly T. viride) strain T-25,No CAS allocated,يتطلب مراجعة علمية مسبقة,Yellow,قرار رقم 500 لسنة 2026م. مسموح مؤقتاً بشرط توفر إذن استيراد مسبق ومراجعة علمية قبل الاستيراد (قرار 500 لسنة 2026م).
Trichoderma asperellum (formerly T. viride) strain TV-1,No CAS allocated,يتطلب تقييم مخاطر محلياً,Orange,قرار رقم 500 لسنة 2026م. مسموح مؤقتاً بشرط توفر إذن استيراد مسبق وتقييم مخاطر محلياً (قرار 500 لسنة 2026م).
Trichoderma asperellum strain T34,No CAS allocated,مسموح ومسجل (مؤقتاً),Green,قرار رقم 500 لسنة 2026م. يسمح بتداوله واستيراده بموجب قرار وزارة الزراعة رقم 500 لسنة 2026م.
Trichoderma atrobrunneum (formerly T. harzianum) strain ITEM 908,No CAS allocated,يتطلب مراجعة علمية مسبقة,Yellow,قرار رقم 500 لسنة 2026م. مسموح مؤقتاً بشرط توفر إذن استيراد مسبق ومراجعة علمية قبل الاستيراد (قرار 500 لسنة 2026م).
Trichoderma atroviride (formerly T. harzianum) strain T11,No CAS allocated,يتطلب تقييم مخاطر محلياً,Orange,قرار رقم 500 لسنة 2026م. مسموح مؤقتاً بشرط توفر إذن استيراد مسبق وتقييم مخاطر محلياً (قرار 500 لسنة 2026م).
Trichoderma atroviride AGR2,No CAS allocated,يتطلب تقييم مخاطر محلياً,Orange,قرار رقم 500 لسنة 2026م. مسموح مؤقتاً بشرط توفر إذن استيراد مسبق وتقييم مخاطر محلياً (قرار 500 لسنة 2026م).
Trichoderma atroviride AT10,No CAS allocated,يتطلب تقييم مخاطر محلياً,Orange,قرار رقم 500 لسنة 2026م. مسموح مؤقتاً بشرط توفر إذن استيراد مسبق وتقييم مخاطر محلياً (قرار 500 لسنة 2026م).
Trichoderma atroviride strain I-1237,No CAS allocated,يتطلب تقييم مخاطر محلياً,Orange,قرار رقم 500 لسنة 2026م. مسموح مؤقتاً بشرط توفر إذن استيراد مسبق وتقييم مخاطر محلياً (قرار 500 لسنة 2026م).
Trichoderma atroviride strain SC1,No CAS allocated,مسموح ومسجل (مؤقتاً),Green,قرار رقم 500 لسنة 2026م. يسمح بتداوله واستيراده بموجب قرار وزارة الزراعة رقم 500 لسنة 2026م.
Trichoderma gamsii (formerly T. viride) strain ICC080,No CAS allocated,يتطلب مراجعة علمية مسبقة,Yellow,قرار رقم 500 لسنة 2026م. مسموح مؤقتاً بشرط توفر إذن استيراد مسبق ومراجعة علمية قبل الاستيراد (قرار 500 لسنة 2026م).
Triclopyr,55335-06-3,مسموح ومسجل (مؤقتاً),Green,قرار رقم 500 لسنة 2026م. يسمح بتداوله واستيراده بموجب قرار وزارة الزراعة رقم 500 لسنة 2026م.
Trifloxystrobin,141517-21-7,مسموح ومسجل (مؤقتاً),Green,قرار رقم 500 لسنة 2026م. يسمح بتداوله واستيراده بموجب قرار وزارة الزراعة رقم 500 لسنة 2026م.
Trinexapac (aka cimetacarb),104273-73-6,يتطلب مراجعة علمية مسبقة,Yellow,قرار رقم 500 لسنة 2026م. مسموح مؤقتاً بشرط توفر إذن استيراد مسبق ومراجعة علمية قبل الاستيراد (قرار 500 لسنة 2026م).
Triticonazole,131983-72-7,مسموح ومسجل (مؤقتاً),Green,قرار رقم 500 لسنة 2026م. يسمح بتداوله واستيراده بموجب قرار وزارة الزراعة رقم 500 لسنة 2026م.
Valifenalate (formerly Valiphenal),283159-90-0,يتطلب مراجعة علمية مسبقة,Yellow,قرار رقم 500 لسنة 2026م. مسموح مؤقتاً بشرط توفر إذن استيراد مسبق ومراجعة علمية قبل الاستيراد (قرار 500 لسنة 2026م).
Verticillium albo-atrum (formerly Verticillium dahliae) strain WCS850,No CAS allocated,يتطلب مراجعة علمية مسبقة,Yellow,قرار رقم 500 لسنة 2026م. مسموح مؤقتاً بشرط توفر إذن استيراد مسبق ومراجعة علمية قبل الاستيراد (قرار 500 لسنة 2026م).
Vinegar,64-19-7,يتطلب مراجعة علمية مسبقة,Yellow,قرار رقم 500 لسنة 2026م. مسموح مؤقتاً بشرط توفر إذن استيراد مسبق ومراجعة علمية قبل الاستيراد (قرار 500 لسنة 2026م).
Vitis vinifera L. seed extract (grape seed extract),No CAS allocated,يتطلب تقييم مخاطر محلياً,Orange,قرار رقم 500 لسنة 2026م. مسموح مؤقتاً بشرط توفر إذن استيراد مسبق وتقييم مخاطر محلياً (قرار 500 لسنة 2026م).
Whey,No CAS allocated,مسموح ومسجل (مؤقتاً),Green,قرار رقم 500 لسنة 2026م. يسمح بتداوله واستيراده بموجب قرار وزارة الزراعة رقم 500 لسنة 2026م.
Zinc phosphide,1314-84-7,مسموح ومسجل (مؤقتاً),Green,قرار رقم 500 لسنة 2026م. يسمح بتداوله واستيراده بموجب قرار وزارة الزراعة رقم 500 لسنة 2026م.
Ziram,137-30-4,يتطلب مراجعة علمية مسبقة,Yellow,قرار رقم 500 لسنة 2026م. مسموح مؤقتاً بشرط توفر إذن استيراد مسبق ومراجعة علمية قبل الاستيراد (قرار 500 لسنة 2026م).
Zoxamide,156052-68-5,مسموح ومسجل (مؤقتاً),Green,قرار رقم 500 لسنة 2026م. يسمح بتداوله واستيراده بموجب قرار وزارة الزراعة رقم 500 لسنة 2026م.
lambda-Cyhalothrin,91465-08-6,يتطلب مراجعة علمية مسبقة,Yellow,قرار رقم 500 لسنة 2026م. مسموح مؤقتاً بشرط توفر إذن استيراد مسبق ومراجعة علمية قبل الاستيراد (قرار 500 لسنة 2026م).
n-Tetradecylacetate (SCLP Acetates),No CAS allocated,يتطلب مراجعة علمية مسبقة,Yellow,قرار رقم 500 لسنة 2026م. مسموح مؤقتاً بشرط توفر إذن استيراد مسبق ومراجعة علمية قبل الاستيراد (قرار 500 لسنة 2026م).
tau-Fluvalinate,102851-06-9,يتطلب مراجعة علمية مسبقة,Yellow,قرار رقم 500 لسنة 2026م. مسموح مؤقتاً بشرط توفر إذن استيراد مسبق ومراجعة علمية قبل الاستيراد (قرار 500 لسنة 2026م).
"2,4,5-T
[2,4,5-T-trolamine]
[2,4,5-T-triethylammonium]
[2,4,5-T-isooctyl]","93-76-5
[3813-14-7]
[2008-46-0]
[25168-15-4]",محظور وممنوع تماماً ❌,Red,قرار رقم 248 لسنة 2024م. يحظر استخدام وتداول واستيراد هذه المادة الفعالة تماماً في تركيب مستحضرات المبيدات الزراعية بدولة ليبيا.
"2,4,5-TCP (2,4,5-Trichlorophenol)",95-95-4,محظور وممنوع تماماً ❌,Red,قرار رقم 248 لسنة 2024م. يحظر استخدام وتداول واستيراد هذه المادة الفعالة تماماً في تركيب مستحضرات المبيدات الزراعية بدولة ليبيا.
"2,4-D ((2,4-dichlorophenoxy) acetic acid)",94-75-7,محظور وممنوع تماماً ❌,Red,قرار رقم 248 لسنة 2024م. يحظر استخدام وتداول واستيراد هذه المادة الفعالة تماماً في تركيب مستحضرات المبيدات الزراعية بدولة ليبيا.
Acephate,30560-19-1,محظور وممنوع تماماً ❌,Red,قرار رقم 248 لسنة 2024م. يحظر استخدام وتداول واستيراد هذه المادة الفعالة تماماً في تركيب مستحضرات المبيدات الزراعية بدولة ليبيا.
Acetochlor,34256-82-1,محظور وممنوع تماماً ❌,Red,قرار رقم 248 لسنة 2024م. يحظر استخدام وتداول واستيراد هذه المادة الفعالة تماماً في تركيب مستحضرات المبيدات الزراعية بدولة ليبيا.
Alachlor,15972-60-8,محظور وممنوع تماماً ❌,Red,قرار رقم 248 لسنة 2024م. يحظر استخدام وتداول واستيراد هذه المادة الفعالة تماماً في تركيب مستحضرات المبيدات الزراعية بدولة ليبيا.
Aldicarb,116-06-3,محظور وممنوع تماماً ❌,Red,قرار رقم 248 لسنة 2024م. يحظر استخدام وتداول واستيراد هذه المادة الفعالة تماماً في تركيب مستحضرات المبيدات الزراعية بدولة ليبيا.
Aldoxycarb,1646-88-4,محظور وممنوع تماماً ❌,Red,قرار رقم 248 لسنة 2024م. يحظر استخدام وتداول واستيراد هذه المادة الفعالة تماماً في تركيب مستحضرات المبيدات الزراعية بدولة ليبيا.
Aldrin,309-00-2,محظور وممنوع تماماً ❌,Red,قرار رقم 248 لسنة 2024م. يحظر استخدام وتداول واستيراد هذه المادة الفعالة تماماً في تركيب مستحضرات المبيدات الزراعية بدولة ليبيا.
Alpha hexachloro cyclohexane,[58-89-9],محظور وممنوع تماماً ❌,Red,قرار رقم 248 لسنة 2024م. يحظر استخدام وتداول واستيراد هذه المادة الفعالة تماماً في تركيب مستحضرات المبيدات الزراعية بدولة ليبيا.
Amitraz,33089-61-1,محظور وممنوع تماماً ❌,Red,قرار رقم 248 لسنة 2024م. يحظر استخدام وتداول واستيراد هذه المادة الفعالة تماماً في تركيب مستحضرات المبيدات الزراعية بدولة ليبيا.
Aramite,140-57-8,محظور وممنوع تماماً ❌,Red,قرار رقم 248 لسنة 2024م. يحظر استخدام وتداول واستيراد هذه المادة الفعالة تماماً في تركيب مستحضرات المبيدات الزراعية بدولة ليبيا.
Atrazine,1912-24-9,محظور وممنوع تماماً ❌,Red,قرار رقم 248 لسنة 2024م. يحظر استخدام وتداول واستيراد هذه المادة الفعالة تماماً في تركيب مستحضرات المبيدات الزراعية بدولة ليبيا.
Bendiocarb,22781-23-3,محظور وممنوع تماماً ❌,Red,قرار رقم 248 لسنة 2024م. يحظر استخدام وتداول واستيراد هذه المادة الفعالة تماماً في تركيب مستحضرات المبيدات الزراعية بدولة ليبيا.
Benomyl,17804-35-2,محظور وممنوع تماماً ❌,Red,قرار رقم 248 لسنة 2024م. يحظر استخدام وتداول واستيراد هذه المادة الفعالة تماماً في تركيب مستحضرات المبيدات الزراعية بدولة ليبيا.
Beta hexachloro cyclohexane,319-85-7,محظور وممنوع تماماً ❌,Red,قرار رقم 248 لسنة 2024م. يحظر استخدام وتداول واستيراد هذه المادة الفعالة تماماً في تركيب مستحضرات المبيدات الزراعية بدولة ليبيا.
Binapacryl,485-31-4,محظور وممنوع تماماً ❌,Red,قرار رقم 248 لسنة 2024م. يحظر استخدام وتداول واستيراد هذه المادة الفعالة تماماً في تركيب مستحضرات المبيدات الزراعية بدولة ليبيا.
Bromoxynil octanoate,34681-10-2,محظور وممنوع تماماً ❌,Red,قرار رقم 248 لسنة 2024م. يحظر استخدام وتداول واستيراد هذه المادة الفعالة تماماً في تركيب مستحضرات المبيدات الزراعية بدولة ليبيا.
Butocarboxim,34681-10-2,محظور وممنوع تماماً ❌,Red,قرار رقم 248 لسنة 2024م. يحظر استخدام وتداول واستيراد هذه المادة الفعالة تماماً في تركيب مستحضرات المبيدات الزراعية بدولة ليبيا.
Butoxycarboxim,34681-23-7,محظور وممنوع تماماً ❌,Red,قرار رقم 248 لسنة 2024م. يحظر استخدام وتداول واستيراد هذه المادة الفعالة تماماً في تركيب مستحضرات المبيدات الزراعية بدولة ليبيا.
Camphechlor (Toxaphene),8001-35-2,محظور وممنوع تماماً ❌,Red,قرار رقم 248 لسنة 2024م. يحظر استخدام وتداول واستيراد هذه المادة الفعالة تماماً في تركيب مستحضرات المبيدات الزراعية بدولة ليبيا.
Captafol,2425-06-1,محظور وممنوع تماماً ❌,Red,قرار رقم 248 لسنة 2024م. يحظر استخدام وتداول واستيراد هذه المادة الفعالة تماماً في تركيب مستحضرات المبيدات الزراعية بدولة ليبيا.
Carbaryl,63-25-2,محظور وممنوع تماماً ❌,Red,قرار رقم 248 لسنة 2024م. يحظر استخدام وتداول واستيراد هذه المادة الفعالة تماماً في تركيب مستحضرات المبيدات الزراعية بدولة ليبيا.
Carbendazim,10605-21-7,محظور وممنوع تماماً ❌,Red,قرار رقم 248 لسنة 2024م. يحظر استخدام وتداول واستيراد هذه المادة الفعالة تماماً في تركيب مستحضرات المبيدات الزراعية بدولة ليبيا.
Carbofuran,1563-66-2,محظور وممنوع تماماً ❌,Red,قرار رقم 248 لسنة 2024م. يحظر استخدام وتداول واستيراد هذه المادة الفعالة تماماً في تركيب مستحضرات المبيدات الزراعية بدولة ليبيا.
Carbon disulphide (Carbon disulfide),75-15-0,محظور وممنوع تماماً ❌,Red,قرار رقم 248 لسنة 2024م. يحظر استخدام وتداول واستيراد هذه المادة الفعالة تماماً في تركيب مستحضرات المبيدات الزراعية بدولة ليبيا.
Carbosulfan,55285-14-8,محظور وممنوع تماماً ❌,Red,قرار رقم 248 لسنة 2024م. يحظر استخدام وتداول واستيراد هذه المادة الفعالة تماماً في تركيب مستحضرات المبيدات الزراعية بدولة ليبيا.
Chloranil,118-75-2,محظور وممنوع تماماً ❌,Red,قرار رقم 248 لسنة 2024م. يحظر استخدام وتداول واستيراد هذه المادة الفعالة تماماً في تركيب مستحضرات المبيدات الزراعية بدولة ليبيا.
Chlordane,57-74-9,محظور وممنوع تماماً ❌,Red,قرار رقم 248 لسنة 2024م. يحظر استخدام وتداول واستيراد هذه المادة الفعالة تماماً في تركيب مستحضرات المبيدات الزراعية بدولة ليبيا.
Chloropicrin,76-06-2,محظور وممنوع تماماً ❌,Red,قرار رقم 248 لسنة 2024م. يحظر استخدام وتداول واستيراد هذه المادة الفعالة تماماً في تركيب مستحضرات المبيدات الزراعية بدولة ليبيا.
Chlorpyrifos,2921-88-2,محظور وممنوع تماماً ❌,Red,قرار رقم 248 لسنة 2024م. يحظر استخدام وتداول واستيراد هذه المادة الفعالة تماماً في تركيب مستحضرات المبيدات الزراعية بدولة ليبيا.
"Cyanide Compounds
Hydrogen cyanide
[Calcium cyanide]
[Sodium cyanide]","74-90-8
[592-01-8]
[143-33-9]",محظور وممنوع تماماً ❌,Red,قرار رقم 248 لسنة 2024م. يحظر استخدام وتداول واستيراد هذه المادة الفعالة تماماً في تركيب مستحضرات المبيدات الزراعية بدولة ليبيا.
DDT,50-29-3,محظور وممنوع تماماً ❌,Red,قرار رقم 248 لسنة 2024م. يحظر استخدام وتداول واستيراد هذه المادة الفعالة تماماً في تركيب مستحضرات المبيدات الزراعية بدولة ليبيا.
Diazinon,333-41-5,محظور وممنوع تماماً ❌,Red,قرار رقم 248 لسنة 2024م. يحظر استخدام وتداول واستيراد هذه المادة الفعالة تماماً في تركيب مستحضرات المبيدات الزراعية بدولة ليبيا.
Dicofol,115-32-2,محظور وممنوع تماماً ❌,Red,قرار رقم 248 لسنة 2024م. يحظر استخدام وتداول واستيراد هذه المادة الفعالة تماماً في تركيب مستحضرات المبيدات الزراعية بدولة ليبيا.
Dicrotophos,141-66-2,محظور وممنوع تماماً ❌,Red,قرار رقم 248 لسنة 2024م. يحظر استخدام وتداول واستيراد هذه المادة الفعالة تماماً في تركيب مستحضرات المبيدات الزراعية بدولة ليبيا.
Dieldrin,60-57-1,محظور وممنوع تماماً ❌,Red,قرار رقم 248 لسنة 2024م. يحظر استخدام وتداول واستيراد هذه المادة الفعالة تماماً في تركيب مستحضرات المبيدات الزراعية بدولة ليبيا.
Dimefox,115-26-4,محظور وممنوع تماماً ❌,Red,قرار رقم 248 لسنة 2024م. يحظر استخدام وتداول واستيراد هذه المادة الفعالة تماماً في تركيب مستحضرات المبيدات الزراعية بدولة ليبيا.
Dimethoate,60-51-5,محظور وممنوع تماماً ❌,Red,قرار رقم 248 لسنة 2024م. يحظر استخدام وتداول واستيراد هذه المادة الفعالة تماماً في تركيب مستحضرات المبيدات الزراعية بدولة ليبيا.
Dinoseb and Dinoseb salts,88-85-7,محظور وممنوع تماماً ❌,Red,قرار رقم 248 لسنة 2024م. يحظر استخدام وتداول واستيراد هذه المادة الفعالة تماماً في تركيب مستحضرات المبيدات الزراعية بدولة ليبيا.
Endosulfan,115-29-7,محظور وممنوع تماماً ❌,Red,قرار رقم 248 لسنة 2024م. يحظر استخدام وتداول واستيراد هذه المادة الفعالة تماماً في تركيب مستحضرات المبيدات الزراعية بدولة ليبيا.
Endrin,72-20-8,محظور وممنوع تماماً ❌,Red,قرار رقم 248 لسنة 2024م. يحظر استخدام وتداول واستيراد هذه المادة الفعالة تماماً في تركيب مستحضرات المبيدات الزراعية بدولة ليبيا.
Ethion,563-12-2,محظور وممنوع تماماً ❌,Red,قرار رقم 248 لسنة 2024م. يحظر استخدام وتداول واستيراد هذه المادة الفعالة تماماً في تركيب مستحضرات المبيدات الزراعية بدولة ليبيا.
Fipronil,120068-37-3,محظور وممنوع تماماً ❌,Red,قرار رقم 248 لسنة 2024م. يحظر استخدام وتداول واستيراد هذه المادة الفعالة تماماً في تركيب مستحضرات المبيدات الزراعية بدولة ليبيا.
Fluoroacetamide,640-19-7,محظور وممنوع تماماً ❌,Red,قرار رقم 248 لسنة 2024م. يحظر استخدام وتداول واستيراد هذه المادة الفعالة تماماً في تركيب مستحضرات المبيدات الزراعية بدولة ليبيا.
Flusilazole,85509-19-9,محظور وممنوع تماماً ❌,Red,قرار رقم 248 لسنة 2024م. يحظر استخدام وتداول واستيراد هذه المادة الفعالة تماماً في تركيب مستحضرات المبيدات الزراعية بدولة ليبيا.
Gamma hexachloro cyclohexane (lindane),608-73-1,محظور وممنوع تماماً ❌,Red,قرار رقم 248 لسنة 2024م. يحظر استخدام وتداول واستيراد هذه المادة الفعالة تماماً في تركيب مستحضرات المبيدات الزراعية بدولة ليبيا.
Heptachlor,76-44-8,محظور وممنوع تماماً ❌,Red,قرار رقم 248 لسنة 2024م. يحظر استخدام وتداول واستيراد هذه المادة الفعالة تماماً في تركيب مستحضرات المبيدات الزراعية بدولة ليبيا.
Hexachlorobenzene,118-74-1,محظور وممنوع تماماً ❌,Red,قرار رقم 248 لسنة 2024م. يحظر استخدام وتداول واستيراد هذه المادة الفعالة تماماً في تركيب مستحضرات المبيدات الزراعية بدولة ليبيا.
Hexaconazole,79983-71-4,محظور وممنوع تماماً ❌,Red,قرار رقم 248 لسنة 2024م. يحظر استخدام وتداول واستيراد هذه المادة الفعالة تماماً في تركيب مستحضرات المبيدات الزراعية بدولة ليبيا.
Iprodione,36734-19-7,محظور وممنوع تماماً ❌,Red,قرار رقم 248 لسنة 2024م. يحظر استخدام وتداول واستيراد هذه المادة الفعالة تماماً في تركيب مستحضرات المبيدات الزراعية بدولة ليبيا.
"Lead compounds
[Lead arsenate]
[Lead arsenite]","[7784-40-9]
[10031-13-7]",محظور وممنوع تماماً ❌,Red,قرار رقم 248 لسنة 2024م. يحظر استخدام وتداول واستيراد هذه المادة الفعالة تماماً في تركيب مستحضرات المبيدات الزراعية بدولة ليبيا.
Linuron,330-55-2,محظور وممنوع تماماً ❌,Red,قرار رقم 248 لسنة 2024م. يحظر استخدام وتداول واستيراد هذه المادة الفعالة تماماً في تركيب مستحضرات المبيدات الزراعية بدولة ليبيا.
Mancozeb,8018-01-7,محظور وممنوع تماماً ❌,Red,قرار رقم 248 لسنة 2024م. يحظر استخدام وتداول واستيراد هذه المادة الفعالة تماماً في تركيب مستحضرات المبيدات الزراعية بدولة ليبيا.
Maneb,12427-38-2,محظور وممنوع تماماً ❌,Red,قرار رقم 248 لسنة 2024م. يحظر استخدام وتداول واستيراد هذه المادة الفعالة تماماً في تركيب مستحضرات المبيدات الزراعية بدولة ليبيا.
Methamidophos,10265-92-6,محظور وممنوع تماماً ❌,Red,قرار رقم 248 لسنة 2024م. يحظر استخدام وتداول واستيراد هذه المادة الفعالة تماماً في تركيب مستحضرات المبيدات الزراعية بدولة ليبيا.
Methomyl,16752-77-5,محظور وممنوع تماماً ❌,Red,قرار رقم 248 لسنة 2024م. يحظر استخدام وتداول واستيراد هذه المادة الفعالة تماماً في تركيب مستحضرات المبيدات الزراعية بدولة ليبيا.
Methoxychlor,72-43-5,محظور وممنوع تماماً ❌,Red,قرار رقم 248 لسنة 2024م. يحظر استخدام وتداول واستيراد هذه المادة الفعالة تماماً في تركيب مستحضرات المبيدات الزراعية بدولة ليبيا.
Methyl bromide,74-83-9,محظور وممنوع تماماً ❌,Red,قرار رقم 248 لسنة 2024م. يحظر استخدام وتداول واستيراد هذه المادة الفعالة تماماً في تركيب مستحضرات المبيدات الزراعية بدولة ليبيا.
Methyl isothiocyanate,556-61-6,محظور وممنوع تماماً ❌,Red,قرار رقم 248 لسنة 2024م. يحظر استخدام وتداول واستيراد هذه المادة الفعالة تماماً في تركيب مستحضرات المبيدات الزراعية بدولة ليبيا.
Mirex,2385-85-5,محظور وممنوع تماماً ❌,Red,قرار رقم 248 لسنة 2024م. يحظر استخدام وتداول واستيراد هذه المادة الفعالة تماماً في تركيب مستحضرات المبيدات الزراعية بدولة ليبيا.
Oxadiazon,19666-30-9,محظور وممنوع تماماً ❌,Red,قرار رقم 248 لسنة 2024م. يحظر استخدام وتداول واستيراد هذه المادة الفعالة تماماً في تركيب مستحضرات المبيدات الزراعية بدولة ليبيا.
"Paraquat dichloride
[Paraquat]","1910-42-5
[4685-14-7]",محظور وممنوع تماماً ❌,Red,قرار رقم 248 لسنة 2024م. يحظر استخدام وتداول واستيراد هذه المادة الفعالة تماماً في تركيب مستحضرات المبيدات الزراعية بدولة ليبيا.
Parathion (Parathion-ethyl),56-38-2,محظور وممنوع تماماً ❌,Red,قرار رقم 248 لسنة 2024م. يحظر استخدام وتداول واستيراد هذه المادة الفعالة تماماً في تركيب مستحضرات المبيدات الزراعية بدولة ليبيا.
Parathion-methyl (emulsifiable concentrates (EC) at or above 19.5% active ingredient and dusts at or above 1.5% active ingredient),298-00-0,محظور وممنوع تماماً ❌,Red,قرار رقم 248 لسنة 2024م. يحظر استخدام وتداول واستيراد هذه المادة الفعالة تماماً في تركيب مستحضرات المبيدات الزراعية بدولة ليبيا.
Pentachlorophenol,87-86-5,محظور وممنوع تماماً ❌,Red,قرار رقم 248 لسنة 2024م. يحظر استخدام وتداول واستيراد هذه المادة الفعالة تماماً في تركيب مستحضرات المبيدات الزراعية بدولة ليبيا.
Phosphamidon,13171-21-6,محظور وممنوع تماماً ❌,Red,قرار رقم 248 لسنة 2024م. يحظر استخدام وتداول واستيراد هذه المادة الفعالة تماماً في تركيب مستحضرات المبيدات الزراعية بدولة ليبيا.
"Phosphamidon (mixture, (E) & (Z) isomers), (soluble liquid formulations of the substance that exceed 1,000 g active ingredient/l)
[E-Phosphamidon]
[Z-Phosphamidon]","13171-21-6
[297-99-4]
[23783-98-4]",محظور وممنوع تماماً ❌,Red,قرار رقم 248 لسنة 2024م. يحظر استخدام وتداول واستيراد هذه المادة الفعالة تماماً في تركيب مستحضرات المبيدات الزراعية بدولة ليبيا.
Procymidon,32809-16-8,محظور وممنوع تماماً ❌,Red,قرار رقم 248 لسنة 2024م. يحظر استخدام وتداول واستيراد هذه المادة الفعالة تماماً في تركيب مستحضرات المبيدات الزراعية بدولة ليبيا.
Procymidon (Procymidone),32809-16-8,محظور وممنوع تماماً ❌,Red,قرار رقم 248 لسنة 2024م. يحظر استخدام وتداول واستيراد هذه المادة الفعالة تماماً في تركيب مستحضرات المبيدات الزراعية بدولة ليبيا.
Propineb,12071-83-9,محظور وممنوع تماماً ❌,Red,قرار رقم 248 لسنة 2024م. يحظر استخدام وتداول واستيراد هذه المادة الفعالة تماماً في تركيب مستحضرات المبيدات الزراعية بدولة ليبيا.
Propoxur,114-26-1,محظور وممنوع تماماً ❌,Red,قرار رقم 248 لسنة 2024م. يحظر استخدام وتداول واستيراد هذه المادة الفعالة تماماً في تركيب مستحضرات المبيدات الزراعية بدولة ليبيا.
Tetradifon,116-29-0,محظور وممنوع تماماً ❌,Red,قرار رقم 248 لسنة 2024م. يحظر استخدام وتداول واستيراد هذه المادة الفعالة تماماً في تركيب مستحضرات المبيدات الزراعية بدولة ليبيا.
Thiram (Tetramethylthiuramdisulfide) (in formulations with benomyl and carbofuran) (Granular only),137-26-8,محظور وممنوع تماماً ❌,Red,قرار رقم 248 لسنة 2024م. يحظر استخدام وتداول واستيراد هذه المادة الفعالة تماماً في تركيب مستحضرات المبيدات الزراعية بدولة ليبيا.
Triazophos,24017-47-8,محظور وممنوع تماماً ❌,Red,قرار رقم 248 لسنة 2024م. يحظر استخدام وتداول واستيراد هذه المادة الفعالة تماماً في تركيب مستحضرات المبيدات الزراعية بدولة ليبيا.
Zineb,12122-67-7,محظور وممنوع تماماً ❌,Red,قرار رقم 248 لسنة 2024م. يحظر استخدام وتداول واستيراد هذه المادة الفعالة تماماً في تركيب مستحضرات المبيدات الزراعية بدولة ليبيا.
Ziram,137-30-4,محظور وممنوع تماماً ❌,Red,قرار رقم 248 لسنة 2024م. يحظر استخدام وتداول واستيراد هذه المادة الفعالة تماماً في تركيب مستحضرات المبيدات الزراعية بدولة ليبيا.
